companyname,companyid,transcriptid,call_date,headline,turn_index,transcriptcomponentid,transcriptcomponenttypeid,component_type,speaker_name,speaker_type,turn_text
"Tesla, Inc.",27444752,3003182,2024-01-24,"Tesla, Inc., Q4 2023 Earnings Call, Jan 24, 2024",1,109819064,4,Answer,Martin Viecha,Executives,"Thank you, and let's go through investor questions. Question #1 is from Michael. Given that you moved the start of the next-generation compact vehicle production to Austin, has the time line improved so that we might see the next-generation platform vehicles in 2025?"
"Tesla, Inc.",27444752,3003182,2024-01-24,"Tesla, Inc., Q4 2023 Earnings Call, Jan 24, 2024",2,109819065,4,Answer,Elon Musk,Executives,"We -- I mean I won't certainly say things with -- that should be taken with a grain of salt since I'm often optimistic. But I don't want to blow your mind, but I'm often optimistic regarding time. But our current schedule shows that we will start production towards the end of 2025, sometime in the second half. That's just what our current schedule says. There's a lot of new technology, like a tremendous amount of new revolutionary manufacturing technology here.\"
"Tesla, Inc.",27444752,3003182,2024-01-24,"Tesla, Inc., Q4 2023 Earnings Call, Jan 24, 2024",3,109819066,4,Answer,Martin Viecha,Executives,Thank you. The next question is from Michael again. What has been the barrier to ramping 4680 cells into multimillion cells per week rate? And when do you expect to get there? Drew?
"Tesla, Inc.",27444752,3003182,2024-01-24,"Tesla, Inc., Q4 2023 Earnings Call, Jan 24, 2024",4,109819067,4,Answer,Drew Baglino,Executives,"Yes. First, I just want to allay any concerns regarding 4680 limiting the Cybertruck ramp because I've seen some people commenting about that. Today, 4680 production is ahead of the ramp with actually weeks of finished cell inventory. And the goal is to keep it that way not only for Cyber but for our future vehicle programs. And as Elon said, it is an S curve here too. Like it's hard to predict these things. But I'm just describing our goals."
"Tesla, Inc.",27444752,3003182,2024-01-24,"Tesla, Inc., Q4 2023 Earnings Call, Jan 24, 2024",5,109819068,4,Answer,Elon Musk,Executives,It's a hard problem. Like there are entire companies where all they do is make battery cells. That's like all they do.
"Tesla, Inc.",27444752,3003182,2024-01-24,"Tesla, Inc., Q4 2023 Earnings Call, Jan 24, 2024",6,109819069,4,Answer,Drew Baglino,Executives,Indeed. Indeed.
"Tesla, Inc.",27444752,3003182,2024-01-24,"Tesla, Inc., Q4 2023 Earnings Call, Jan 24, 2024",7,109819070,4,Answer,Elon Musk,Executives,We do a lot of other things. And we've got a lot of breakthrough technologies that take time to figure out what is -- it's not just that it's a 46-millimeter diameter by 80-millimeter fuel cell. That's just the dimensions. There's tremendous amount of new technology in the cell itself.
"Tesla, Inc.",27444752,3003182,2024-01-24,"Tesla, Inc., Q4 2023 Earnings Call, Jan 24, 2024",8,109819071,4,Answer,Drew Baglino,Executives,And manufacturing technology.
"Tesla, Inc.",27444752,3003182,2024-01-24,"Tesla, Inc., Q4 2023 Earnings Call, Jan 24, 2024",9,109819072,4,Answer,Elon Musk,Executives,"Yes, exactly."
"Tesla, Inc.",27444752,3003182,2024-01-24,"Tesla, Inc., Q4 2023 Earnings Call, Jan 24, 2024",10,109819073,4,Answer,Drew Baglino,Executives,"And just regarding what the team was able to do in Q4, Texas successfully swapped line 1 from the Model Y design of the cell to the Cybertruck design of the cell, which was the 10% cell energy increase I've mentioned before. And as with any major new product introduction, the factory and engineering teams collaborated to ensure quality of the new design and the process changes as their first priority. And now our focus returns to cost and production ramp in Q1.\"
"Tesla, Inc.",27444752,3003182,2024-01-24,"Tesla, Inc., Q4 2023 Earnings Call, Jan 24, 2024",11,109819074,4,Answer,Elon Musk,Executives,"We also do want to emphasize that we also expect to ramp orders from our suppliers. So this is not about replacing our suppliers. It's about supplementing our suppliers. So we are very appreciative of our suppliers. Panasonic, obviously, is our longest supplier. They're an amazing company. We've got CATL. We've got LG and BYD."
"Tesla, Inc.",27444752,3003182,2024-01-24,"Tesla, Inc., Q4 2023 Earnings Call, Jan 24, 2024",12,109819075,4,Answer,Martin Viecha,Executives,Thank you. The next question is from Adam. Should retail shareholders be concerned that Elon has stated that he is uncomfortable expanding AI and robotics at Tesla if he doesn't have 25% of voting?
"Tesla, Inc.",27444752,3003182,2024-01-24,"Tesla, Inc., Q4 2023 Earnings Call, Jan 24, 2024",13,109819076,4,Answer,Elon Musk,Executives,"Yes. I guess let me explain why -- what my concern is here, which is that I see a path to creating an artificial intelligence and robotics juggernaut of truly immense capability and power. And my concern would be -- I don't want to control it, but if I have so little influence over the company at that stage that I could sort of be voted out by some sort of random shareholder advisory firm -- we've had a lot of challenges with institutional shareholder services, ISS, I call them ISIS, and Glass Lewis, which there's a lot of activists that basically infiltrate those organizations and have strange ideas about what should be done.\"
"Tesla, Inc.",27444752,3003182,2024-01-24,"Tesla, Inc., Q4 2023 Earnings Call, Jan 24, 2024",14,109819077,4,Answer,Martin Viecha,Executives,Thank you. The next question is what is your expectation for automotive gross margin ex regulatory credits for the full year?
"Tesla, Inc.",27444752,3003182,2024-01-24,"Tesla, Inc., Q4 2023 Earnings Call, Jan 24, 2024",15,109819078,4,Answer,Vaibhav Taneja,Executives,"Like I said in my opening remarks, we're focused on reducing the cost of our vehicles. This is very extensive and involved exercise, where we -- whereby we look at not just the component cost down to -- but down to the packaging used to get the materials to the production floor. Each element of the cost is scrutinized to optimize further.\"
"Tesla, Inc.",27444752,3003182,2024-01-24,"Tesla, Inc., Q4 2023 Earnings Call, Jan 24, 2024",16,109819079,4,Answer,Elon Musk,Executives,"We don't know. We don't have a crystal ball, so it's difficult for us to predict this with precision. If the interest rates come down quickly, I think margins will be good. And if they don't come down quickly, they won't be that good. Yes.\"
"Tesla, Inc.",27444752,3003182,2024-01-24,"Tesla, Inc., Q4 2023 Earnings Call, Jan 24, 2024",17,109819080,4,Answer,Martin Viecha,Executives,"Okay. Thank you. The next question is does the company anticipate 50% volume CAGR to be realized in either 2024 or 2025? If not, why not?"
"Tesla, Inc.",27444752,3003182,2024-01-24,"Tesla, Inc., Q4 2023 Earnings Call, Jan 24, 2024",18,109819081,4,Answer,Vaibhav Taneja,Executives,"As we have said in our prior guidance, there will be periods where we won't be growing at the same rate as before. We are between 2 major growth waves. The first one began with the global expansion of Model 3 and Y., and we believe the next one will be initiated with the next-generation platform. In 2024, our volume growth will be lower, as we have said, because we're trying to focus the team on the launch of the next-generation vehicle."
"Tesla, Inc.",27444752,3003182,2024-01-24,"Tesla, Inc., Q4 2023 Earnings Call, Jan 24, 2024",19,109819082,4,Answer,Martin Viecha,Executives,All right. Thank you very much. The next question is from Michael. When will Tesla start construction on the Giga Nevada expansion and Giga Mexico? And when can we expect each of these to produce their first products such as 4680 cell semi and the next-gen vehicles?
"Tesla, Inc.",27444752,3003182,2024-01-24,"Tesla, Inc., Q4 2023 Earnings Call, Jan 24, 2024",20,109819083,4,Answer,Drew Baglino,Executives,"We have recently broken ground the next phase of Giga Nevada expansion to incorporate semi and other projects. But as said earlier, as regarding Mexico, we want to first demonstrate success with the next-generation platform in Austin before we start construction. Therefore, we have started the long lead work to get the basics ready and plan to follow our recipe from the 3, Y ramp with Shanghai, where we started with learnings from Fremont and ramped really quickly."
"Tesla, Inc.",27444752,3003182,2024-01-24,"Tesla, Inc., Q4 2023 Earnings Call, Jan 24, 2024",21,109819084,4,Answer,Elon Musk,Executives,"Yes, exactly. It's important to emphasize that, I mean, Model 3 production was 3 years of hell, honestly before, some of the really worst years of my life, frankly. Still have mental scar tissue from that, from those 3 years as do many. But then -- and then Model Y was somewhat of a variant on Model 3, so a much easier situation.\"
"Tesla, Inc.",27444752,3003182,2024-01-24,"Tesla, Inc., Q4 2023 Earnings Call, Jan 24, 2024",22,109819085,4,Answer,Martin Viecha,Executives,Thank you. The next question for Michael is has there been any progress made with an FSD licensing agreement with another company?
"Tesla, Inc.",27444752,3003182,2024-01-24,"Tesla, Inc., Q4 2023 Earnings Call, Jan 24, 2024",23,109819086,4,Answer,Elon Musk,Executives,"I really think lots of car companies should be asking for FSD licenses, but -- and we've had some tentative conversations, but I think they don't believe it's real quite yet. I think that will become obvious probably this year. And I do want to emphasize that if I were CEO of another car company, I would definitely be calling Tesla and asking to license Tesla full self-driving technology. It's definitely the smart move."
"Tesla, Inc.",27444752,3003182,2024-01-24,"Tesla, Inc., Q4 2023 Earnings Call, Jan 24, 2024",24,109819087,4,Answer,Martin Viecha,Executives,"Thank you. The next question from Siddharth, what is the time line for Optimus first production of volume production line? And what are the barriers to getting there?"
"Tesla, Inc.",27444752,3003182,2024-01-24,"Tesla, Inc., Q4 2023 Earnings Call, Jan 24, 2024",25,109819088,4,Answer,Elon Musk,Executives,"Optimus obviously is a very new product, an extremely revolutionary product and something that I think has the potential to far exceed the value of everything else at Tesla combined. And when you think of an economy, economy is productivity per capita times capita. And what if there's no limit to capita? There's no limit to the economy. And the technologies that we -- the AI technologies we've developed for the car translate quite well to a humanoid robot because the car is just a robot on 4 wheels.\"
"Tesla, Inc.",27444752,3003182,2024-01-24,"Tesla, Inc., Q4 2023 Earnings Call, Jan 24, 2024",26,109819089,4,Answer,Drew Baglino,Executives,"Just to comment on the barrier. I think the barrier, and we've talked about this, is like getting it to actually do something useful. Like we can get it to walk around. We can get it to do things, but it's like that utility part."
"Tesla, Inc.",27444752,3003182,2024-01-24,"Tesla, Inc., Q4 2023 Earnings Call, Jan 24, 2024",27,109819090,4,Answer,Elon Musk,Executives,It can already do some useful things.
"Tesla, Inc.",27444752,3003182,2024-01-24,"Tesla, Inc., Q4 2023 Earnings Call, Jan 24, 2024",28,109819091,4,Answer,Drew Baglino,Executives,"But like to making millions of these things, it's like utility. You got to get to utility of it."
"Tesla, Inc.",27444752,3003182,2024-01-24,"Tesla, Inc., Q4 2023 Earnings Call, Jan 24, 2024",29,109819092,4,Answer,Elon Musk,Executives,"Yes, a smart robot that can do -- that's capable of doing generalized tasks is what it will be. And in terms of doing moderately specialized tasks, well, it can already do that, and it'll just get better through the course of the year.\"
"Tesla, Inc.",27444752,3003182,2024-01-24,"Tesla, Inc., Q4 2023 Earnings Call, Jan 24, 2024",30,109819093,4,Answer,Drew Baglino,Executives,"Yes, not the best reference."
"Tesla, Inc.",27444752,3003182,2024-01-24,"Tesla, Inc., Q4 2023 Earnings Call, Jan 24, 2024",31,109819094,4,Answer,Elon Musk,Executives,"Yes. The creators of Westworld, Jon Nolan -- Lisa Joy, Nolan, all friends of mine actually, and I invited them to come see the lab. I think -- well, come see it hopefully soon. It's pretty wild, especially the sort of subsystem test stands, where you just got like one leg on a test stand just doing repetitive exercises and one arm in a test stand, pretty wild. Yes."
"Tesla, Inc.",27444752,3003182,2024-01-24,"Tesla, Inc., Q4 2023 Earnings Call, Jan 24, 2024",32,109819095,4,Answer,Drew Baglino,Executives,We're not entering Westworld anytime soon.
"Tesla, Inc.",27444752,3003182,2024-01-24,"Tesla, Inc., Q4 2023 Earnings Call, Jan 24, 2024",33,109819096,4,Answer,Elon Musk,Executives,"Right, right. We're going to take safety very, very seriously."
"Tesla, Inc.",27444752,3003182,2024-01-24,"Tesla, Inc., Q4 2023 Earnings Call, Jan 24, 2024",34,109819097,4,Answer,Martin Viecha,Executives,Thank you. The next question from Nermin is how many Cybertruck orders are in the queue? And when do you anticipate to be able to fulfill existing orders?
"Tesla, Inc.",27444752,3003182,2024-01-24,"Tesla, Inc., Q4 2023 Earnings Call, Jan 24, 2024",35,109819098,4,Answer,Unknown Executive,Executives,"First of all, I want to thank all of the Cybertruck reservation holders for their patience. The reservation to order conversion rate so far has been very, very encouraging. If the trend continues, as it very likely to be, we will soon sort out all the builds in 2024. And also, we have new orders come in after the launch. The order numbers keep growing. So we're now all hands on deck focused on ramping, so we can fulfill all the demands in a reduced lead time."
"Tesla, Inc.",27444752,3003182,2024-01-24,"Tesla, Inc., Q4 2023 Earnings Call, Jan 24, 2024",36,109819099,4,Answer,Elon Musk,Executives,"Yes, it's important to emphasize that this is very much a production-constrained situation, not a demand-constrained situation. And obviously, we could dramatically raise the price, but that doesn't feel right to us to sort of gouge people for early delivery. So -- but really, the demand is off the hook. As long as we have -- the price is affordable, I mean, I see us ultimately delivering on the order of like 0.25 million, something like 0.25 million Cybertrucks a year in North America but maybe more but give or take, roughly on that time frame. And it's -- I mean, it sure is a head turner. Yes."
"Tesla, Inc.",27444752,3003182,2024-01-24,"Tesla, Inc., Q4 2023 Earnings Call, Jan 24, 2024",37,109819100,4,Answer,Vaibhav Taneja,Executives,"Definitely is. Anywhere you go, people look at you. They give you thumbs up."
"Tesla, Inc.",27444752,3003182,2024-01-24,"Tesla, Inc., Q4 2023 Earnings Call, Jan 24, 2024",38,109819101,4,Answer,Elon Musk,Executives,"Yes. It's like finally the future looks like the future. It's just that with the other trucks on the road there, which -- and there are some very good trucks on the road. But if you were to switch out the brand name, you would hardly know which company made them. But you definitely would know the Cybertruck. It's our best product ever."
"Tesla, Inc.",27444752,3003182,2024-01-24,"Tesla, Inc., Q4 2023 Earnings Call, Jan 24, 2024",39,109819102,4,Answer,Martin Viecha,Executives,All right. Thank you. The next question is can we get Tesla energy volumes reported in the production and delivery release.
"Tesla, Inc.",27444752,3003182,2024-01-24,"Tesla, Inc., Q4 2023 Earnings Call, Jan 24, 2024",40,109819103,4,Answer,Drew Baglino,Executives,"Yes. We will strive to do so starting from this quarter. And just a brief update from the business perspective. Megapack continues to see strong demand signals globally, driving consistent growth trajectory through '24 and '25. We want to thank all of our partners who put their trust in the Megapack team to execute on critical infrastructure around the world. And I would like to personally thank the Megapack engineering and production teams for their strong 2023 execution. Lathrop continues to ramp through 2024 with the operation of a second final assembly line to double capacity from 20 to 40 gigawatt hours by the end of the year."
"Tesla, Inc.",27444752,3003182,2024-01-24,"Tesla, Inc., Q4 2023 Earnings Call, Jan 24, 2024",41,109819104,4,Answer,Martin Viecha,Executives,"Thank you. And the last investor question is from Siddharth. What are the preliminary results on the return on investment of your ads and education campaign? Given that many people still lack awareness the Tesla average price is less than the average non-luxury car price of $45,000, will you expand educational ads?"
"Tesla, Inc.",27444752,3003182,2024-01-24,"Tesla, Inc., Q4 2023 Earnings Call, Jan 24, 2024",42,109819105,4,Answer,Unknown Executive,Executives,"As Elon mentioned, the ultimate solution to increase EV adoption is really address the affordability issue. But at the same time, we do aware -- there's awareness issue as well. So in Q4, we ran a series of digital campaigns, very targeted digital campaigns across different geos and different channel. The target of these tests is really just to drive awareness and ultimately measure the return on investment on those digital channels.\"
"Tesla, Inc.",27444752,3003182,2024-01-24,"Tesla, Inc., Q4 2023 Earnings Call, Jan 24, 2024",43,109819106,4,Answer,Vaibhav Taneja,Executives,"But I would also like to caution that we will be very careful that we don't want to overspend on this side. We want to make sure people are aware, but we'll -- that's where we'll keep tweaking our methodology about how and where we spend the money because we understand the importance of increasing awareness, but at the same token, we don't want to spend a lot of money on just creating awareness."
"Tesla, Inc.",27444752,3003182,2024-01-24,"Tesla, Inc., Q4 2023 Earnings Call, Jan 24, 2024",44,109819107,4,Answer,Elon Musk,Executives,"Yes. I mean there are some geographies where our market share is remarkably low, like Japan for example. Now we obviously need to make sure that we have Superchargers in the right locations and the service centers are there and the product works well in Japan, but Japan is the third largest car market in the world, of any country.\"
"Tesla, Inc.",27444752,3003182,2024-01-24,"Tesla, Inc., Q4 2023 Earnings Call, Jan 24, 2024",45,109819108,4,Answer,Martin Viecha,Executives,"Thank you. Let's go to analyst questions. The first question comes from Pierre Ferragu from New Street Research. Pierre, can you hear us?"
"Tesla, Inc.",27444752,3003182,2024-01-24,"Tesla, Inc., Q4 2023 Earnings Call, Jan 24, 2024",46,109819109,3,Question,Pierre Ferragu,Analysts,"Okay. Well, it's really tough to find the unmute button on Teams, guys. I'm sorry for being late. So yes, my question would be on like the cost reduction. You've talked about it already a lot. And if I look at it over the last like 5, 6 quarters on average, the COGS per car has been coming down like more than 2% sequentially on average. So that means you are like on a trajectory of COGS per car going down 10% a year. So that's probably like unheard of in the auto industry. I don't think any car manufacturer ever achieved that.\"
"Tesla, Inc.",27444752,3003182,2024-01-24,"Tesla, Inc., Q4 2023 Earnings Call, Jan 24, 2024",47,109819110,4,Answer,Vaibhav Taneja,Executives,"Yes. I think I've covered this in a pretty lengthy detail even in my opening remarks and in a previous question, but to just further clarify, we are constantly looking for what we can do to reduce costs. Like I said, it's a game of pennies. We've talked about it before as well. And the team is constantly going and checking where can we reduce the cost further. And do I believe that we will have the same pace which you've seen over the past few years? Probably not because, remember, we were coming out with a period wherein commodity prices were rising. So then we did see benefits coming from that.\"
"Tesla, Inc.",27444752,3003182,2024-01-24,"Tesla, Inc., Q4 2023 Earnings Call, Jan 24, 2024",48,109819111,4,Answer,Unknown Executive,Executives,"Yes, the increased scale also sort of helps us there. As we introduce new products, we have the opportunity to go renegotiate existing suppliers for better pricing. We're looking at every penny like Vaibhav and Elon mentioned. Just to give you an example, our inbound logistics cost has come down by 22% year-over-year. And this is because of optimization on using returnable packaging as opposed to cardboard, which is even better for the environment; optimizing trucking routes, negotiating better pricing with shipping companies, with trucking companies, going with the full truckloads and just doing that sort of -- the bigger we become, the more we put far into these things and the more efficient we become as a result of it. So those work streams are going to continue."
"Tesla, Inc.",27444752,3003182,2024-01-24,"Tesla, Inc., Q4 2023 Earnings Call, Jan 24, 2024",49,109819112,4,Answer,Unknown Executive,Executives,"We are also getting into the tiers of supply chain to see where there are opportunities. Getting to the Tier 2s, Tier 3, Tier 4 levels and then negotiate those pricing as well to get more efficiency out of the system."
"Tesla, Inc.",27444752,3003182,2024-01-24,"Tesla, Inc., Q4 2023 Earnings Call, Jan 24, 2024",50,109819113,4,Answer,Drew Baglino,Executives,"And then on the design side, we're not static, right, like especially in areas where the technology is still improving rapidly. Power electronics is a great example. We continue to bring improvements there that are like fundamentals sort of driven from the device up that result in cost reductions generation over generation. And they don't only go into the new vehicles. They come to the old vehicles as well. So that's closer to what you were talking about with like the microelectronics space. Some of that exists in the vehicle."
"Tesla, Inc.",27444752,3003182,2024-01-24,"Tesla, Inc., Q4 2023 Earnings Call, Jan 24, 2024",51,109819114,4,Answer,Unknown Executive,Executives,"And certainly, our car is more computer than car in many ways and has a lot of new tech over the last 100 years of automotive production, so everyone is trying to scrape pennies from."
"Tesla, Inc.",27444752,3003182,2024-01-24,"Tesla, Inc., Q4 2023 Earnings Call, Jan 24, 2024",52,109819115,4,Answer,Elon Musk,Executives,We have a crazy amount of compute in our cars compared to anyone else. It's like orders of magnitude.
"Tesla, Inc.",27444752,3003182,2024-01-24,"Tesla, Inc., Q4 2023 Earnings Call, Jan 24, 2024",53,109819116,4,Answer,Drew Baglino,Executives,"And we get to ride that down, right?"
"Tesla, Inc.",27444752,3003182,2024-01-24,"Tesla, Inc., Q4 2023 Earnings Call, Jan 24, 2024",54,109819117,4,Answer,Elon Musk,Executives,"Maybe 1,000x more. I don't know, it's some nutty number."
"Tesla, Inc.",27444752,3003182,2024-01-24,"Tesla, Inc., Q4 2023 Earnings Call, Jan 24, 2024",55,109819118,4,Answer,Drew Baglino,Executives,"I mean like if I just look at the main microcontroller that makes the motor go, for example, like when we -- when I think about what that costs when we stuck it in a roadster in 2006, the cost now, there's like no comparison. So we've definitely been riding that electronics cost wave."
"Tesla, Inc.",27444752,3003182,2024-01-24,"Tesla, Inc., Q4 2023 Earnings Call, Jan 24, 2024",56,109819119,4,Answer,Unknown Executive,Executives,"And then even on like non -- what you call traditional vehicle side, we do things that no other automakers do to bring costs down through breaking down the way structures are built and the way we put our cars together. And I think that mindset that we have is very much closer to the microprocessor or power electronics industry than the automotive industry."
"Tesla, Inc.",27444752,3003182,2024-01-24,"Tesla, Inc., Q4 2023 Earnings Call, Jan 24, 2024",57,109819120,4,Answer,Martin Viecha,Executives,"Thank you. Pierre, do you have a follow-up?"
"Tesla, Inc.",27444752,3003182,2024-01-24,"Tesla, Inc., Q4 2023 Earnings Call, Jan 24, 2024",58,109819121,3,Question,Pierre Ferragu,Analysts,"Yes, a quick one. It's -- you mentioned this like phase in which you are between 2 big growth periods. I'd love to hear you about what you consider the size of your addressable market with the portfolio you have today, like the 3, the Y, the X and the S. What's your estimate of your addressable market? You're shipping like probably about like a 2 million unit run rate today. And given the price points of these cars, what kind of market share of what you addressed with this car do you think you've already achieved today?"
"Tesla, Inc.",27444752,3003182,2024-01-24,"Tesla, Inc., Q4 2023 Earnings Call, Jan 24, 2024",59,109819122,4,Answer,Elon Musk,Executives,I don't know if we have -- did anybody -- I actually don't think we have a firm idea that's -- it's hard to say exactly.
"Tesla, Inc.",27444752,3003182,2024-01-24,"Tesla, Inc., Q4 2023 Earnings Call, Jan 24, 2024",60,109819123,4,Answer,Vaibhav Taneja,Executives,"Yes, this -- I wouldn't say there's -- I mean, one way to think about it is look at the automotive industry as well. EVs still contribute a very small market share. So yes, our goal is to try and take as much market share out of that pie. But do I have a specific number to give you? I don't think we can say that with certainty."
"Tesla, Inc.",27444752,3003182,2024-01-24,"Tesla, Inc., Q4 2023 Earnings Call, Jan 24, 2024",61,109819124,4,Answer,Unknown Executive,Executives,"And it's a growing pie as well. It's like it's 9% today, but it could be 20% in a couple of years or in the future."
"Tesla, Inc.",27444752,3003182,2024-01-24,"Tesla, Inc., Q4 2023 Earnings Call, Jan 24, 2024",62,109819126,4,Answer,Unknown Executive,Executives,"And certainly, like the way we've looked at it, and we've always said this, it's not about how many EVs you can sell. It's how many great cars you can sell, how many vehicles you can sell. And that market's 100 million a year, and we're barely 2% of that. I still think there's 98% more to get."
"Tesla, Inc.",27444752,3003182,2024-01-24,"Tesla, Inc., Q4 2023 Earnings Call, Jan 24, 2024",63,109819127,4,Answer,Elon Musk,Executives,"I mean it's worth noting that if you look at, say, the average selling price of the other top-selling vehicles in the world, they are much lower priced than Model Y. So like a Toyota RAV4, Corolla, Honda Civic, that kind of thing, they're much lower priced than ours. So people are really stretching their wallets to be able to afford a Tesla. It's quite a difficult thing for them to do and remarkable that it's the best-selling car in unit volume despite being much more expensive than other high-volume cars."
"Tesla, Inc.",27444752,3003182,2024-01-24,"Tesla, Inc., Q4 2023 Earnings Call, Jan 24, 2024",64,109819128,4,Answer,Martin Viecha,Executives,Thank you. Let's go to the next analyst. The next question comes from Adam Jonas from Morgan Stanley.
"Tesla, Inc.",27444752,3003182,2024-01-24,"Tesla, Inc., Q4 2023 Earnings Call, Jan 24, 2024",65,109819129,3,Question,Adam Jonas,Analysts,"So I can't wait to see the Optimus lab. I'm sure everybody on this call feels the same way. Your last AI Day, Elon, was September 2022. Can we expect a Tesla AI Day this year? It seems like a lot has changed in that realm and is this year the time?"
"Tesla, Inc.",27444752,3003182,2024-01-24,"Tesla, Inc., Q4 2023 Earnings Call, Jan 24, 2024",66,109819130,4,Answer,Elon Musk,Executives,"Yes, it's a good question. We have found that when we do these AI Days, some of our competitors literally look at what we do on a frame-by-frame basis."
"Tesla, Inc.",27444752,3003182,2024-01-24,"Tesla, Inc., Q4 2023 Earnings Call, Jan 24, 2024",67,109819131,3,Question,Adam Jonas,Analysts,They do.
"Tesla, Inc.",27444752,3003182,2024-01-24,"Tesla, Inc., Q4 2023 Earnings Call, Jan 24, 2024",68,109819132,4,Answer,Elon Musk,Executives,And then we find these things being copied.
"Tesla, Inc.",27444752,3003182,2024-01-24,"Tesla, Inc., Q4 2023 Earnings Call, Jan 24, 2024",69,109819133,4,Answer,Drew Baglino,Executives,Same thing with Battery Day.
"Tesla, Inc.",27444752,3003182,2024-01-24,"Tesla, Inc., Q4 2023 Earnings Call, Jan 24, 2024",70,109819134,4,Answer,Elon Musk,Executives,"Same thing with Battery Day. So we have to be a little cautious about revealing the exact recipe of the secret sauce. But I think some kind of update would be good to do. I'll talk it over with the team. And yes, I think we might do something later this year. Our main goal with these AI Days is recruiting, so -- and to sort of change the perception of Tesla as people think of Tesla as a car company when they should be thinking of Tesla as an AI robotics company."
"Tesla, Inc.",27444752,3003182,2024-01-24,"Tesla, Inc., Q4 2023 Earnings Call, Jan 24, 2024",71,109819135,3,Question,Adam Jonas,Analysts,"Maybe as a follow-up, Elon, I'd love your thoughts on the topic of China-based OEMs expanding into western markets as that -- as the China market kind of gets saturated and there's a tremendous growth in the supply, how much success should Tesla investors allow for this competition to achieve in western markets? And can you envision a scenario where Tesla could partner with a Chinese OEM to help accelerate sustainable transport in markets like Europe and the United States?"
"Tesla, Inc.",27444752,3003182,2024-01-24,"Tesla, Inc., Q4 2023 Earnings Call, Jan 24, 2024",72,109819136,4,Answer,Elon Musk,Executives,"Well, our observation is generally that the Chinese car companies are the most competitive car companies in the world. So I think they will have significant success outside of China, depending on what kind of tariffs or trade barriers are established. Frankly, I think if there are not trade barriers established, they will pretty much demolish most other car companies in the world. So they're extremely good.\"
"Tesla, Inc.",27444752,3003182,2024-01-24,"Tesla, Inc., Q4 2023 Earnings Call, Jan 24, 2024",73,109819137,4,Answer,Martin Viecha,Executives,Thank you. And the next question comes from Dan Levy from Barclays.
"Tesla, Inc.",27444752,3003182,2024-01-24,"Tesla, Inc., Q4 2023 Earnings Call, Jan 24, 2024",74,109819138,3,Question,Dan Levy,Analysts,"First, I'm wondering if you can just walk through some of the gating factors required to unlock your next-gen platform. You talked about a number of cost initiatives back at the Investor Day a year ago, things in manufacturing and powertrain. Maybe you can just give us a sense of where these initiatives stand.\"
"Tesla, Inc.",27444752,3003182,2024-01-24,"Tesla, Inc., Q4 2023 Earnings Call, Jan 24, 2024",75,109819139,4,Answer,Unknown Executive,Executives,"Yes. I don't think that anything in Cybertruck should be considered gating for the next-gen platform. We're obviously doing a lot of manufacturing innovations, as Elon said, for the next-generation vehicle. When you do something at that scale, you have to prove it out. You don't just throw it on the line and just build it. So we're going through those validation phases for all those new manufacturing technologies now.\"
"Tesla, Inc.",27444752,3003182,2024-01-24,"Tesla, Inc., Q4 2023 Earnings Call, Jan 24, 2024",76,109819140,4,Answer,Elon Musk,Executives,"[indiscernible] but people really know that this is like inside-baseball thing, but, man, 48 -- it's so high time that the auto industry moved from 12 -- the random number of 12 to 48."
"Tesla, Inc.",27444752,3003182,2024-01-24,"Tesla, Inc., Q4 2023 Earnings Call, Jan 24, 2024",77,109819141,4,Answer,Unknown Executive,Executives,Random number of 48.
"Tesla, Inc.",27444752,3003182,2024-01-24,"Tesla, Inc., Q4 2023 Earnings Call, Jan 24, 2024",78,109819142,4,Answer,Elon Musk,Executives,"Yes. Well, it's much less random."
"Tesla, Inc.",27444752,3003182,2024-01-24,"Tesla, Inc., Q4 2023 Earnings Call, Jan 24, 2024",79,109819143,4,Answer,Unknown Executive,Executives,Slightly less random based on human injury but...
"Tesla, Inc.",27444752,3003182,2024-01-24,"Tesla, Inc., Q4 2023 Earnings Call, Jan 24, 2024",80,109819144,4,Answer,Elon Musk,Executives,"I mean dramatically reduces the amount of copper you need in the vehicle and moving to sort of higher bandwidth communications, sort of Ethernet level of communications as opposed to CAN bus, which is pretty slow. So it's really just bringing cars to..."
"Tesla, Inc.",27444752,3003182,2024-01-24,"Tesla, Inc., Q4 2023 Earnings Call, Jan 24, 2024",81,109819145,4,Answer,Unknown Executive,Executives,The 21st century.
"Tesla, Inc.",27444752,3003182,2024-01-24,"Tesla, Inc., Q4 2023 Earnings Call, Jan 24, 2024",82,109819146,4,Answer,Elon Musk,Executives,"Yes, pretty much. So certainly like -- it's like normal for a laptop."
"Tesla, Inc.",27444752,3003182,2024-01-24,"Tesla, Inc., Q4 2023 Earnings Call, Jan 24, 2024",83,109819147,4,Answer,Unknown Executive,Executives,"Certainly bringing that like is an evolution in our architecture of the vehicles, but it's not gating by any means. The gating work is just to finish the design and manufacturing of the car, test them out and get them going."
"Tesla, Inc.",27444752,3003182,2024-01-24,"Tesla, Inc., Q4 2023 Earnings Call, Jan 24, 2024",84,109819148,4,Answer,Drew Baglino,Executives,"Yes, programs and execution, right? Right. So it's talking about like tooling lead time, manufacturing equipment lead time, factory lead time and executing this program."
"Tesla, Inc.",27444752,3003182,2024-01-24,"Tesla, Inc., Q4 2023 Earnings Call, Jan 24, 2024",85,109819149,4,Answer,Elon Musk,Executives,There's a lot of specialized machines that make the machine for our next-gen vehicle. So these are not machines you can just order from anyone. They actually have to design a machine that has never existed to build a car in a way that has never existed.
"Tesla, Inc.",27444752,3003182,2024-01-24,"Tesla, Inc., Q4 2023 Earnings Call, Jan 24, 2024",86,109819150,4,Answer,Drew Baglino,Executives,"Yes. So you don't just have like a design validation phase, but you have an equipment design validation phase as well."
"Tesla, Inc.",27444752,3003182,2024-01-24,"Tesla, Inc., Q4 2023 Earnings Call, Jan 24, 2024",87,109819151,4,Answer,Elon Musk,Executives,It doesn't make it very hard to copy us because you have to copy the machine that makes the machine that makes the machine.
"Tesla, Inc.",27444752,3003182,2024-01-24,"Tesla, Inc., Q4 2023 Earnings Call, Jan 24, 2024",88,109819152,4,Answer,Unknown Executive,Executives,Talking about tiers.
"Tesla, Inc.",27444752,3003182,2024-01-24,"Tesla, Inc., Q4 2023 Earnings Call, Jan 24, 2024",89,109819153,4,Answer,Elon Musk,Executives,"Yes, yes, exactly, manufacturing inception. So I do think it's quite a powerful, sustainable advantage because there just is no place to go to order the machines that make our next-gen car that don't exist."
"Tesla, Inc.",27444752,3003182,2024-01-24,"Tesla, Inc., Q4 2023 Earnings Call, Jan 24, 2024",90,109819154,3,Question,Dan Levy,Analysts,"As a follow-up, your release does not mention Dojo, so if you could just provide us an update on where Dojo stands and at what point do you expect Dojo to be a resource in improving FSD. Or do you think that you now have sufficient supply of NVIDIA GPUs needed for the training of the system?"
"Tesla, Inc.",27444752,3003182,2024-01-24,"Tesla, Inc., Q4 2023 Earnings Call, Jan 24, 2024",91,109819155,4,Answer,Elon Musk,Executives,"I mean the AI part of your question is -- that is a deep one. So we're obviously hedging our bets here with significant orders of NVIDIA GPUs. GPU is the wrong word. They really didn't see it -- there's no -- you can't like produce graphics, so that's not a graphic processing unit, neural net processing unit or something like that. Yes, GPU's a funny word, like vestigial.\"
"Tesla, Inc.",27444752,3003182,2024-01-24,"Tesla, Inc., Q4 2023 Earnings Call, Jan 24, 2024",92,109819156,4,Answer,Martin Viecha,Executives,Thank you. And the next question comes from Colin Langan from Wells Fargo.
"Tesla, Inc.",27444752,3003182,2024-01-24,"Tesla, Inc., Q4 2023 Earnings Call, Jan 24, 2024",93,109819157,3,Question,Colin Langan,Analysts,"As we're thinking about going into 2024, the press release talks about hitting 36,000 or slightly above in Q4. And the comments on the release talk about approaching the [ aperture ] limits, and it sounds like you're continuing to try to [ whittle ] that away, but that sort of implies there's not much left.\"
"Tesla, Inc.",27444752,3003182,2024-01-24,"Tesla, Inc., Q4 2023 Earnings Call, Jan 24, 2024",94,109819158,4,Answer,Vaibhav Taneja,Executives,"We are definitely aware of the cost increases, which are coming through because of the wage increases. But like I said, we keep looking at other cost opportunities and try and figure out where else can we cut down. So there is definitely more opportunity to bring down costs further. I won't specifically guide to a number, which we will try and get to, but there's definitely more opportunity there."
"Tesla, Inc.",27444752,3003182,2024-01-24,"Tesla, Inc., Q4 2023 Earnings Call, Jan 24, 2024",95,109819159,4,Answer,Drew Baglino,Executives,"Yes, we're chasing lots of cost opportunities on the design side still for 2024. North of 8 figures is what we're -- just in my organization. Lars has got a bunch. And then from a commodities perspective, it's such a long cycle time through the whole material supply chain that even with what we've already seen to this point, there's more to come on commodities reductions."
"Tesla, Inc.",27444752,3003182,2024-01-24,"Tesla, Inc., Q4 2023 Earnings Call, Jan 24, 2024",96,109819160,4,Answer,Unknown Executive,Executives,And there's still some tailwind left on the commodities.
"Tesla, Inc.",27444752,3003182,2024-01-24,"Tesla, Inc., Q4 2023 Earnings Call, Jan 24, 2024",97,109819161,4,Answer,Drew Baglino,Executives,That's what I mean. Yes.
"Tesla, Inc.",27444752,3003182,2024-01-24,"Tesla, Inc., Q4 2023 Earnings Call, Jan 24, 2024",98,109819162,4,Answer,Unknown Executive,Executives,Aluminum and steel.
"Tesla, Inc.",27444752,3003182,2024-01-24,"Tesla, Inc., Q4 2023 Earnings Call, Jan 24, 2024",99,109819163,4,Answer,Drew Baglino,Executives,Yes. And battery materials.
"Tesla, Inc.",27444752,3003182,2024-01-24,"Tesla, Inc., Q4 2023 Earnings Call, Jan 24, 2024",100,109819164,4,Answer,Elon Musk,Executives,"It boggles my mind to think that if we make a 1% improvement in cost, that's $1 billion. So it's like, on average, if we reduce the cost by $0.01, $1 billion. What? I mean we started off not long ago that we're only making like 10 cars a week. And yes, where does it lead ultimately? With good execution -- like I said, it's not a slam dunk, but with -- if we execute very well, I think Tesla could be the most valuable company in the world."
"Tesla, Inc.",27444752,3003182,2024-01-24,"Tesla, Inc., Q4 2023 Earnings Call, Jan 24, 2024",101,109819165,4,Answer,Martin Viecha,Executives,"Thank you. Colin, do you have a follow-up question?"
"Tesla, Inc.",27444752,3003182,2024-01-24,"Tesla, Inc., Q4 2023 Earnings Call, Jan 24, 2024",102,109819166,3,Question,Colin Langan,Analysts,"Yes, just a quick follow-up. In the commentary, you mentioned the taxes would go to the S&P 500 level. I think you've been trending slightly below 10%. S&P, I think it's typically 25%-ish. Is that going to -- should we expect that to jump right up next year when we're modeling next year? Or would it be like a gradual change over the next few years? And any cash impact from that tax change as well that we should be considering?"
"Tesla, Inc.",27444752,3003182,2024-01-24,"Tesla, Inc., Q4 2023 Earnings Call, Jan 24, 2024",103,109819167,4,Answer,Vaibhav Taneja,Executives,"Yes. So there's no impact on cash taxes from the release of the valuation amount, which I spoke about. What it does is it's how you account for taxes on your books. So it's basically an accounting change wherein there are certain jurisdictions because we had enough NOLs, et cetera, wherein we didn't have to accrue book taxes. Now that the valuation allowance has been released and we have recognized deferred tax assets on the books, that means your tax rate immediately goes up."
"Tesla, Inc.",27444752,3003182,2024-01-24,"Tesla, Inc., Q4 2023 Earnings Call, Jan 24, 2024",104,109819168,4,Answer,Martin Viecha,Executives,"Okay. I think that's all the time we have for today. Thank you so much for all of your questions, and we'll speak to you again in 3 months. Thank you. Bye-bye."
"Tesla, Inc.",27444752,3003182,2024-01-24,"Tesla, Inc., Q4 2023 Earnings Call, Jan 24, 2024",105,109819169,4,Answer,Elon Musk,Executives,Thank you.
"Tesla, Inc.",27444752,3093679,2024-04-23,"Tesla, Inc., Q1 2024 Earnings Call, Apr 23, 2024",1,111904834,4,Answer,Martin Viecha,Executives,"Okay. Let's start with investor Q&A. The first question is, what is the status of 4680. What is the current output?\"
"Tesla, Inc.",27444752,3093679,2024-04-23,"Tesla, Inc., Q1 2024 Earnings Call, Apr 23, 2024",2,111904835,4,Answer,Lars Moravy,Executives,"Sure. 4680 production increased about 18%, 20% over -- from Q4 reaching greater than [indiscernible] for Cybertruck, which is about 7 gigawatt hours per year as we posted on X. We expect to stay ahead of the Cybertruck ramp with the cell production throughout Q2 as we ramp the third and 4 lines in Phase 1, while maintaining multiple weeks of cell inventory to make sure we're ahead of the ramp. Because we're ramping, COGS continues to drop rapidly week-over-week driven by yield improvements throughout the lines and production volume increases. So our goal, and we expect to do this is to beat supplier cost of nickel-based cells by the end of the year."
"Tesla, Inc.",27444752,3093679,2024-04-23,"Tesla, Inc., Q1 2024 Earnings Call, Apr 23, 2024",3,111904836,4,Answer,Martin Viecha,Executives,Thank you. The second question is on Optimus. So what is the current status of Optimus? Are they currently performing any factory tasks? When do you expect to start mass production?
"Tesla, Inc.",27444752,3093679,2024-04-23,"Tesla, Inc., Q1 2024 Earnings Call, Apr 23, 2024",4,111904837,4,Answer,Elon Musk,Executives,"We are able to do simple factory tasks or at least, I should say, factory tasks in the lab. We do think we will have Optimus in limited production in the natural factory itself, doing useful tasks before the end of this year. And then I think we may be able to sell it externally by the end of next year. These are just guesses. \"
"Tesla, Inc.",27444752,3093679,2024-04-23,"Tesla, Inc., Q1 2024 Earnings Call, Apr 23, 2024",5,111904838,4,Answer,Martin Viecha,Executives,"The third question is, what is the current assessment of the pathway towards regulatory approval for unsupervised FSD in the U.S. And how should we think about the appropriate safety threshold compared to human drivers?"
"Tesla, Inc.",27444752,3093679,2024-04-23,"Tesla, Inc., Q1 2024 Earnings Call, Apr 23, 2024",6,111904839,4,Answer,Lars Moravy,Executives,"I can start. There are a handful of states that already have adopted autonomous vehicle laws. These states are paving the way for operations, while the data for such operations guides a broader adoption of driver-less vehicles. I think Ashok can talk a little bit about our safety methodology, but we expect that these states and the work ongoing as well as the data that we're providing will pave a way for a broad-based regulatory approval in the U.S. at least and then in other countries as well?"
"Tesla, Inc.",27444752,3093679,2024-04-23,"Tesla, Inc., Q1 2024 Earnings Call, Apr 23, 2024",7,111904840,4,Answer,Elon Musk,Executives,"Yes. It's actually been pretty helpful that the autonomous car companies have been cutting a path through the regulatory jungle. So that's actually quite helpful. And they have obviously been operating in San Francisco for a while. I think they got approval for City of Vale. So these approvals are happening rapidly. I think if you've got at scale, a statistically significant amount of data that shows conclusively that the autonomous car has, let's say, half the accident rate of a human-driven car, I think that's difficult to ignore because at that point, your stoping autonomy means killing people. \"
"Tesla, Inc.",27444752,3093679,2024-04-23,"Tesla, Inc., Q1 2024 Earnings Call, Apr 23, 2024",8,111904841,4,Answer,Vaibhav Taneja,Executives,You don't even think about it
"Tesla, Inc.",27444752,3093679,2024-04-23,"Tesla, Inc., Q1 2024 Earnings Call, Apr 23, 2024",9,111904842,4,Answer,Elon Musk,Executives,"You don't even think about it, just like an elevator. It takes you to your floor. That's it. Don't think about how the elevator is working or anything like that. something I should clarify is that Tesla will be operating the fleet. So you can think of like how Tesla, think of it as combination of Airbnb and Uber meaning that there will be some number of cars that Tesla owns itself and operates in the fleet. There will be some number of cars and then there'll be a bunch of cars where they're owned by the end user. That end user can add or subtract their car to the fleet whenever they want, and they can decide if they want to only let the car be used by friends and family or only buy 5-star users or by anyone at any time they could have the car come back to them and be exclusively theirs like an Airbnb. \"
"Tesla, Inc.",27444752,3093679,2024-04-23,"Tesla, Inc., Q1 2024 Earnings Call, Apr 23, 2024",10,111904843,4,Answer,Martin Viecha,Executives,"Ashok, do you want to chime in on the process and safety?"
"Tesla, Inc.",27444752,3093679,2024-04-23,"Tesla, Inc., Q1 2024 Earnings Call, Apr 23, 2024",11,111904844,4,Answer,Ashok Elluswamy,Executives,"Yes, we have multiple years of validating the safety for in any given week, we train hundreds of neural networks that can produce different trajectories for how to drive the car, replay them through the millions of clips that we have already collected from our users and our own QA those are like critical events, like someone jumping out in front or like other critical events that we have gathered database over many, many years, and we replay through all of them to make sure that we are net improving safety. We have simulation systems that also try to create this and test this in close to fashion. And some of this is validated, we give it to our QA networks. We have hundreds of them in different cities, in San Francisco, Los Angeles, Austin, New York, a lot of different locations. \"
"Tesla, Inc.",27444752,3093679,2024-04-23,"Tesla, Inc., Q1 2024 Earnings Call, Apr 23, 2024",12,111904845,4,Answer,Elon Musk,Executives,"Yes. And we do have some insight into how good the things will be in like, let's say, 3 or 4 months because we have advanced models that our far more capable than what is in the car, but have some issues with them that we need to fix. So they are there'll be a step change improvement in the capabilities of the car, but it will have some quirks that are -- that need to be addressed in order to release it. As Ashok was saying, we have to be very careful in what we release the fleet or to customers in general. So like -- if we look at say 12.4 and 12.5, which are really could arguably even be Version 13, Version 14 because it's pretty close to a total retrain of the neural nets in each case are substantially different. \"
"Tesla, Inc.",27444752,3093679,2024-04-23,"Tesla, Inc., Q1 2024 Earnings Call, Apr 23, 2024",13,111904846,4,Answer,Ashok Elluswamy,Executives,"Yes. In terms of scaling loss. [indiscernible] and they generally talk about model scaling loss where they increase the model size a lot and then their corresponding gains in performance, but we have also figured out scaling loss and other access in addition to the model side scaling, making also data scaling. You can increase the amount of data you use to train the neural network and that also gives similar gains and you can also scale up by training compute, you can train it for much longer and 1 more GPUs or more dojo nodes that also gives better performance, and you can also have architecture scaling where you count with better architectures for the same amount of compute produce better results. \"
"Tesla, Inc.",27444752,3093679,2024-04-23,"Tesla, Inc., Q1 2024 Earnings Call, Apr 23, 2024",14,111904847,4,Answer,Martin Viecha,Executives,"Okay. Thank you very much. I'll go to the next question, which is, can we get an official announcement of the time line for the $25,000 vehicle?"
"Tesla, Inc.",27444752,3093679,2024-04-23,"Tesla, Inc., Q1 2024 Earnings Call, Apr 23, 2024",15,111904848,4,Answer,Lars Moravy,Executives,"I think Elon mentioned it in the opening remarks. But as you mentioned, we're updating our future vehicle lineup to accelerate the launch of our low-cost vehicles in a more [indiscernible] efficient way. That's our mission to get the most affordable cars to customers as fast as possible. These new vehicles we built on our existing lines and open capacity, and that's a major shift to utilize all our capacity with marginal CapEx before we go spend high CapEx."
"Tesla, Inc.",27444752,3093679,2024-04-23,"Tesla, Inc., Q1 2024 Earnings Call, Apr 23, 2024",16,111904849,4,Answer,Elon Musk,Executives,"Yes. We'll talk about this more on August 8. But really, the way to think of Tesla is almost entirely in terms of solving autonomy and being able to turn on that autonomy for a gigantic fleet. And I think it might be the biggest asset value appreciation history when that day happens when you can do unsupervised full self-driving."
"Tesla, Inc.",27444752,3093679,2024-04-23,"Tesla, Inc., Q1 2024 Earnings Call, Apr 23, 2024",17,111904850,4,Answer,Lars Moravy,Executives,5 million cars?
"Tesla, Inc.",27444752,3093679,2024-04-23,"Tesla, Inc., Q1 2024 Earnings Call, Apr 23, 2024",18,111904851,4,Answer,Elon Musk,Executives,"Yes, a little less. Yes. It will be 7 million cars in a year or so and then 10 million and then eventually, we're talking about tens of millions of cars. Not eventually, it's like reporting this in a the decade, it's several tens of million cars I think."
"Tesla, Inc.",27444752,3093679,2024-04-23,"Tesla, Inc., Q1 2024 Earnings Call, Apr 23, 2024",19,111904852,4,Answer,Martin Viecha,Executives,"The next question is, what is the progress of Cybertruck ramp."
"Tesla, Inc.",27444752,3093679,2024-04-23,"Tesla, Inc., Q1 2024 Earnings Call, Apr 23, 2024",20,111904853,4,Answer,Lars Moravy,Executives,"I can take that one too. Cybertruck had 1K a week just a couple of weeks ago. This happened in the first 4 to 5 months since we SOP late last year. Of course, volume production is what matters. That's what drives costs and so our costs are dropping, but the ramp still faces like a lot of challenges with so many new technologies, some supplier limitations, et cetera, and continue to ramp this year, just focusing on cost efficiency and quality."
"Tesla, Inc.",27444752,3093679,2024-04-23,"Tesla, Inc., Q1 2024 Earnings Call, Apr 23, 2024",21,111904854,4,Answer,Martin Viecha,Executives,"Okay. Thank you. The next question, have any of the legacy automakers contacted Tesla about possibly licensing FSD in the future?"
"Tesla, Inc.",27444752,3093679,2024-04-23,"Tesla, Inc., Q1 2024 Earnings Call, Apr 23, 2024",22,111904855,4,Answer,Elon Musk,Executives,We're in conversations with one major automaker regarding licensing FSD.
"Tesla, Inc.",27444752,3093679,2024-04-23,"Tesla, Inc., Q1 2024 Earnings Call, Apr 23, 2024",23,111904856,4,Answer,Martin Viecha,Executives,Thank you. The next question is about the robotaxi. Elon already talked about that. So we'll have to wait till August. The following question is about the next-generation vehicle. We already talked about that. So let's go to the semi. What is the time line for scaling semi?.
"Tesla, Inc.",27444752,3093679,2024-04-23,"Tesla, Inc., Q1 2024 Earnings Call, Apr 23, 2024",24,111904857,4,Answer,Lars Moravy,Executives,"So we're finalizing the engineering of semi to enable like a super cost-effective high-volume production with our learnings from our fleet and our pilot fleet and [ Pepsi ] fleet, which we are expanding this year marginally. In parallel, as we showed in the shareholders' deck, we have started construction on the factory in Reno. Our first vehicles are planned for late 2021 with external customers starting in 2026."
"Tesla, Inc.",27444752,3093679,2024-04-23,"Tesla, Inc., Q1 2024 Earnings Call, Apr 23, 2024",25,111904858,4,Answer,Martin Viecha,Executives,"Okay. A couple of more questions. So our favorite, can we make FSD transfer [indiscernible] until FSD is fully delivered with Level 5 autonomy?"
"Tesla, Inc.",27444752,3093679,2024-04-23,"Tesla, Inc., Q1 2024 Earnings Call, Apr 23, 2024",26,111904860,4,Answer,Martin Viecha,Executives,"Okay. Next question. What is the getting the production ramp at Lathrop, where do you see the Megapack run rate at the end of the year. Mike?"
"Tesla, Inc.",27444752,3093679,2024-04-23,"Tesla, Inc., Q1 2024 Earnings Call, Apr 23, 2024",27,111904861,4,Answer,Unknown Executive,Executives,"Yes. Lathrop is ramping as planned. We have our second GA line allowing us to increase our exit rate from 20 gigawatt hours per year to -- at the start of this year to 40 gigawatt hours per year by the end of the year. That lines commissioned. There's really nothing limiting the ramp. Given the longer sales cycles for these large projects, we typically have order visibility 12 to 24 months prior to ship dates. So we're able to plan the build plan several quarters in advance. So this allows us to ramp the factory to align with the business and order growth. Lastly, we'd like to thank our customers globally for their trust in Tesla as a partner for these incredible projects."
"Tesla, Inc.",27444752,3093679,2024-04-23,"Tesla, Inc., Q1 2024 Earnings Call, Apr 23, 2024",28,111904862,4,Answer,Martin Viecha,Executives,Let's go to analyst questions. The first question comes from Tony Sacconaghi from Bernstein.
"Tesla, Inc.",27444752,3093679,2024-04-23,"Tesla, Inc., Q1 2024 Earnings Call, Apr 23, 2024",29,111904863,3,Question,Toni Sacconaghi,Analysts,"I was just wondering if you can elaborate a little bit more on kind of the new vehicles that you talked about today. Are these like tweaks on existing models, given that they're going to be running on the same lines? Or are these like new models? And how should we think about them in the context of like the Model 3 Highland update what will these models be like relative to that? And given the quick time frame, Model 3 Highland has required a lot of work and a lot of retooling. Maybe you can help put that all in context. And I have a follow-up, please."
"Tesla, Inc.",27444752,3093679,2024-04-23,"Tesla, Inc., Q1 2024 Earnings Call, Apr 23, 2024",30,111904864,4,Answer,Elon Musk,Executives,I think we've said we were on that front. So what's your follow-up?
"Tesla, Inc.",27444752,3093679,2024-04-23,"Tesla, Inc., Q1 2024 Earnings Call, Apr 23, 2024",31,111904865,3,Question,Toni Sacconaghi,Analysts,"It's a more personal one for, you, Elon, which is that you're leading many important companies right now. Maybe you can just talk about where your heart is at in terms of your interests and do you expect to lessen your involvement with Tesla at any point over the next 3 years?"
"Tesla, Inc.",27444752,3093679,2024-04-23,"Tesla, Inc., Q1 2024 Earnings Call, Apr 23, 2024",32,111904866,4,Answer,Elon Musk,Executives,"Well, as it constitutes a majority of my work time and I work pretty much every day of the week. [indiscernible] take a Sunday afternoon. I'm going to make sure Tesla is quite prosperous. And it is -- like it is prosperous and it will be very much so in the future."
"Tesla, Inc.",27444752,3093679,2024-04-23,"Tesla, Inc., Q1 2024 Earnings Call, Apr 23, 2024",33,111904867,4,Answer,Martin Viecha,Executives,Let's go to Adam Jonas from Morgan Stanley.
"Tesla, Inc.",27444752,3093679,2024-04-23,"Tesla, Inc., Q1 2024 Earnings Call, Apr 23, 2024",34,111904868,3,Question,Adam Jonas,Analysts,"Okay. Great. So you and your team on volume expect a 2024 growth rate, notably lower than that achieved in 2023. But what's your team's degree of confidence on growth above 0%? In other words, does that statement leave room for potentially lower sales year-on-year?"
"Tesla, Inc.",27444752,3093679,2024-04-23,"Tesla, Inc., Q1 2024 Earnings Call, Apr 23, 2024",35,111904869,4,Answer,Elon Musk,Executives,"No, I think we'll have higher sales this year than last year."
"Tesla, Inc.",27444752,3093679,2024-04-23,"Tesla, Inc., Q1 2024 Earnings Call, Apr 23, 2024",36,111904870,3,Question,Adam Jonas,Analysts,"Okay. My follow-up, Elon, on future products. If you had nailed execution, assuming that you nail execution on your next-gen cheaper vehicles, more aggressive giga castings, I don't want to say one piece, but getting closer to one piece, structural pack, unbox, 300-mile range, $25,000 price point, putting aside robotaxi, those features unique to you. How long would it take your best Chinese competitors to copy a cheaper and better vehicle that you could offer a couple of years from now? How long would it take your best Chinese competitors to copy that?"
"Tesla, Inc.",27444752,3093679,2024-04-23,"Tesla, Inc., Q1 2024 Earnings Call, Apr 23, 2024",37,111904871,4,Answer,Elon Musk,Executives,"I mean I don't know what our competitors can do, except we've done relatively better than they have because if you look at the drop in our competitors in China sales versus our drop in sales, our drop was less than theirs. So we're doing well. But I think [ Kathy ] would say it best, like really, we should be thought of as an AI or robotics company. If you value Tesla as just like an auto company, you just have to -- fundamentally, it's just the wrong framework and if you ask the wrong question, then the right answer is impossible. So I mean if somebody doesn't believe Tesla is going to solve autonomy, I think they should not be an investor in the company. Like that is, but we will and we are and then you have a car that goes from 10 hours [indiscernible] a week, like 1.5 hours a day to probably 50%, but it costs the same."
"Tesla, Inc.",27444752,3093679,2024-04-23,"Tesla, Inc., Q1 2024 Earnings Call, Apr 23, 2024",38,111904872,4,Answer,Vaibhav Taneja,Executives,"I think that's the key thing to remember, right, especially if you look at FSD Supervised, if you didn't believe in autonomy, this should give you a review that this is coming. It's actually getting better day by day."
"Tesla, Inc.",27444752,3093679,2024-04-23,"Tesla, Inc., Q1 2024 Earnings Call, Apr 23, 2024",39,111904873,4,Answer,Elon Musk,Executives,"Yes. If you've not tried the FSD 12.3, and like I said, 12.4 is going to be significantly better and 12.5 even better than that. And we have visibility into those things. Then you really don't understand what's going on. It's not possible."
"Tesla, Inc.",27444752,3093679,2024-04-23,"Tesla, Inc., Q1 2024 Earnings Call, Apr 23, 2024",40,111904874,4,Answer,Vaibhav Taneja,Executives,"Yes. And that's why we can't just look at just as a car company because a car company would just have a car. But here, we have more than a car company because the cars can be autonomous. And like I said, it's happening."
"Tesla, Inc.",27444752,3093679,2024-04-23,"Tesla, Inc., Q1 2024 Earnings Call, Apr 23, 2024",41,111904875,4,Answer,Ashok Elluswamy,Executives,This is all in addition to Testa AI community is just like increasing -- improving rapidly.
"Tesla, Inc.",27444752,3093679,2024-04-23,"Tesla, Inc., Q1 2024 Earnings Call, Apr 23, 2024",42,111904876,4,Answer,Elon Musk,Executives,"Yes. I mean we're putting the actual auto in automobile. So sort of we go like, well, sort of like tell us about future horse carriages you're making. I'm like, well, actually, it doesn't need a horse that's the whole point. That's really the whole point."
"Tesla, Inc.",27444752,3093679,2024-04-23,"Tesla, Inc., Q1 2024 Earnings Call, Apr 23, 2024",43,111904877,4,Answer,Martin Viecha,Executives,The next question comes from Alex Potter from Piper Sandler.
"Tesla, Inc.",27444752,3093679,2024-04-23,"Tesla, Inc., Q1 2024 Earnings Call, Apr 23, 2024",44,111904878,3,Question,Alex Potter,Analysts,"Yes, so I couldn't agree more. The thesis hinges completely on AI, the future of AI, full self-driving neural net training, all of these things. In that context, Elon, you've spoken about your desire to obtain 25% voting control of the company. And I understand completely why that would be. \"
"Tesla, Inc.",27444752,3093679,2024-04-23,"Tesla, Inc., Q1 2024 Earnings Call, Apr 23, 2024",45,111904879,4,Answer,Elon Musk,Executives,"Well, I think no matter what Tesla, even if I cannot [ buy Aliens tomorrow ], Tesla will solve autonomy, maybe a little slower, but it would solve autonomy for vehicles at least. I don't know if we would win on with respect to Optimus or with respect to future products, but it would that -- that there's enough momentum for Tesla to solve autonomy even if I disappeared for vehicles. Yes, there's a whole range of things we can do in the future beyond that. I'll be more reticent with respect to Optimus, if we have a super-sentient humanoid robot that can [indiscernible] and that you can escape, we're talking terminator-level risk. \"
"Tesla, Inc.",27444752,3093679,2024-04-23,"Tesla, Inc., Q1 2024 Earnings Call, Apr 23, 2024",46,111904880,3,Question,Alex Potter,Analysts,"All right. That's actually all very helpful context. Maybe 1 final question and I'll pass it on. OpEx reductions, thank you for quantifying the impact there. I'd be interested also in potentially more qualitative discussion of what the implications are for these headcount reductions. What are the types of activities that you're presumably sacrificing as a result of parting ways with these folks?"
"Tesla, Inc.",27444752,3093679,2024-04-23,"Tesla, Inc., Q1 2024 Earnings Call, Apr 23, 2024",47,111904881,4,Answer,Vaibhav Taneja,Executives,"So like we said, we've done these headcount reductions across the board. And as companies grow over time, there are certain redundancies. There's some duplication of efforts, which happens in certain areas. So you need to go back and look at where all these pockets are, get rid of it. So we're basically going through that exercise wherein we're like, hey, how do we set this company right for the next phase of growth. And the way to think about it is any tree, which grows, it needs pruning. \"
"Tesla, Inc.",27444752,3093679,2024-04-23,"Tesla, Inc., Q1 2024 Earnings Call, Apr 23, 2024",48,111904882,4,Answer,Elon Musk,Executives,"Yes, we're not giving up anything that is significant that I'm aware of. We've had a long period of prosperity from 2019 to now. And so if a company sort of organizationally is 5% wrong per year, that accumulates to of inefficiency. We've made some corrections along the way. But it is time to reorganize the company for the next phase of growth and you really need to reorganize it, just like a human when we start off with one cell and kind of zygote, kind of blastocyst and you start growing arms and legs and briefly, you have a tail."
"Tesla, Inc.",27444752,3093679,2024-04-23,"Tesla, Inc., Q1 2024 Earnings Call, Apr 23, 2024",49,111904883,3,Question,Alex Potter,Analysts,But you shed the tail.
"Tesla, Inc.",27444752,3093679,2024-04-23,"Tesla, Inc., Q1 2024 Earnings Call, Apr 23, 2024",50,111904884,4,Answer,Elon Musk,Executives,"You shed the tail, hopefully. And then you're baby, you basically, you have to be the organism -- a company is kind of like creature growing. And if you don't reorganize it for different phases of growth, it will fail. You can't have the same organizational structure if you're 10 cells versus 100 versus 1 million versus 1 billion versus 1 trillion. Humans are around 35 trillion cells, doesn't feel like it feels like like one person. But you're basically a walking cell colony of roughly 35 trillion depending on your body mass and about 3x that number in bacteria. So anyway, you've got to reorganize the company for a new phase of growth or will fail to achieve that growth."
"Tesla, Inc.",27444752,3093679,2024-04-23,"Tesla, Inc., Q1 2024 Earnings Call, Apr 23, 2024",51,111904885,4,Answer,Martin Viecha,Executives,Let's go to Mark Delaney from Goldman Sachs.
"Tesla, Inc.",27444752,3093679,2024-04-23,"Tesla, Inc., Q1 2024 Earnings Call, Apr 23, 2024",52,111904886,3,Question,Mark Delaney,Analysts,The company previously characterized potential FSD licensing discussions in the early phase and some OEMs had not really been believing in it. Can you elaborate on how much the licensing business opportunity you mentioned today has progressed? And is there anything Tesla needs to achieve with the technology in terms of product milestones in order to be successful at reaching a licensing agreement in your view?
"Tesla, Inc.",27444752,3093679,2024-04-23,"Tesla, Inc., Q1 2024 Earnings Call, Apr 23, 2024",53,111904887,4,Answer,Elon Musk,Executives,"Well, I think we just need to -- it just needs to be obvious that our approach is the right approach. And I think it is. I think we've now with 12.3, if you just have the car drive you around, it is obvious that our solution with a relatively low-cost inference computer and standard cameras can achieve self-driving. No LiDARs, no radars, ultrasonic nothing."
"Tesla, Inc.",27444752,3093679,2024-04-23,"Tesla, Inc., Q1 2024 Earnings Call, Apr 23, 2024",54,111904888,4,Answer,Vaibhav Taneja,Executives,No heavy integration work for vehicle manufacturers.
"Tesla, Inc.",27444752,3093679,2024-04-23,"Tesla, Inc., Q1 2024 Earnings Call, Apr 23, 2024",55,111904889,4,Answer,Elon Musk,Executives,"Yes. so it really just be a case of having them use the same cameras and inference computer and licensing our software. Once it becomes obvious that if you don't have this in a car, nobody wants your car. It's a smart car. I still remember in fact, when Nokia was king of the hill, Yes, crushing. And they certainly come out with a smartphone that was basically a break with limited functionality. And then the iPhone and Android, people still do not understand that all the phones are going to be that way. There's not going to be any [indiscernible] products. There will be a niche product \"
"Tesla, Inc.",27444752,3093679,2024-04-23,"Tesla, Inc., Q1 2024 Earnings Call, Apr 23, 2024",56,111904890,4,Answer,Vaibhav Taneja,Executives,"In a hotel, sometimes in hotels."
"Tesla, Inc.",27444752,3093679,2024-04-23,"Tesla, Inc., Q1 2024 Earnings Call, Apr 23, 2024",57,111904891,4,Answer,Elon Musk,Executives,"Yes, the hotels have them. The people don't understand all cars will need to be smart cars, or you will not sell or the car will not -- nobody would buy it. Once that becomes obvious, I think licensing becomes not optional."
"Tesla, Inc.",27444752,3093679,2024-04-23,"Tesla, Inc., Q1 2024 Earnings Call, Apr 23, 2024",58,111904892,4,Answer,Lars Moravy,Executives,It becomes a method of survival?
"Tesla, Inc.",27444752,3093679,2024-04-23,"Tesla, Inc., Q1 2024 Earnings Call, Apr 23, 2024",59,111904893,4,Answer,Elon Musk,Executives,"Yes, absolutely, it is. License it or nobody will buy your car."
"Tesla, Inc.",27444752,3093679,2024-04-23,"Tesla, Inc., Q1 2024 Earnings Call, Apr 23, 2024",60,111904894,4,Answer,Vaibhav Taneja,Executives,"I mean 1 other thing which I'll add is in the conversations which we've had with some of these OEMs, I just want to also point out that they take a lot of time in their product life cycle. They're talking about years before they will put it in their product. We might have a licensing deal earlier than that, but it takes a while. So this is where the big difference between us and them is."
"Tesla, Inc.",27444752,3093679,2024-04-23,"Tesla, Inc., Q1 2024 Earnings Call, Apr 23, 2024",61,111904895,4,Answer,Elon Musk,Executives,"Yes, I mean, really a deal signed now would result in it being in a car probably 3 years."
"Tesla, Inc.",27444752,3093679,2024-04-23,"Tesla, Inc., Q1 2024 Earnings Call, Apr 23, 2024",62,111904896,4,Answer,Vaibhav Taneja,Executives,That would be early.
"Tesla, Inc.",27444752,3093679,2024-04-23,"Tesla, Inc., Q1 2024 Earnings Call, Apr 23, 2024",63,111904897,4,Answer,Elon Musk,Executives,That's like lightening basically.
"Tesla, Inc.",27444752,3093679,2024-04-23,"Tesla, Inc., Q1 2024 Earnings Call, Apr 23, 2024",64,111904898,4,Answer,Vaibhav Taneja,Executives,That's [indiscernible] OEM.
"Tesla, Inc.",27444752,3093679,2024-04-23,"Tesla, Inc., Q1 2024 Earnings Call, Apr 23, 2024",65,111904899,4,Answer,Elon Musk,Executives,"Yes. So I wouldn't be surprise if we do sign a deal. I think we have a good chance we do sign a deal this year, maybe more than 1. But yes, it would be probably 3 years before it's integrated with a car. Even though all you need is cameras and our inference computer. So just talking about a massive design change."
"Tesla, Inc.",27444752,3093679,2024-04-23,"Tesla, Inc., Q1 2024 Earnings Call, Apr 23, 2024",66,111904900,4,Answer,Vaibhav Taneja,Executives,"Yes. And again, just to clarify, it's not the work which we have to do. It's the work which they have to do, which will take the time."
"Tesla, Inc.",27444752,3093679,2024-04-23,"Tesla, Inc., Q1 2024 Earnings Call, Apr 23, 2024",67,111904901,3,Question,Mark Delaney,Analysts,"Yes, very helpful. My follow-up was to better understand Tesla's approach to pricing going forward. Previously, the company had said that the price reductions were driving incremental demand with how affordable the cars have become, especially for vehicles that have access to IRA credits and some of the leasing offers that Tesla has in place. Do you still see meaningful incremental price reductions as making sense from here for the existing products? And can the company meaningfully lower prices from here and also stay free cash flow positive on an annual basis with the current product set?"
"Tesla, Inc.",27444752,3093679,2024-04-23,"Tesla, Inc., Q1 2024 Earnings Call, Apr 23, 2024",68,111904902,4,Answer,Elon Musk,Executives,Yes. I think we can be free cash flow positive meaningfully.
"Tesla, Inc.",27444752,3093679,2024-04-23,"Tesla, Inc., Q1 2024 Earnings Call, Apr 23, 2024",69,111904903,4,Answer,Lars Moravy,Executives,"I think Vaibhav said it in his opening remarks, like our cost down efforts, we basically were offsetting the price cut like we're trying to give it back to the customers."
"Tesla, Inc.",27444752,3093679,2024-04-23,"Tesla, Inc., Q1 2024 Earnings Call, Apr 23, 2024",70,111904904,4,Answer,Elon Musk,Executives,"Yes. I mean the end of the day, like for any given company, if you sell a great product at a great price -- if you have a great product at a great price, the sales will be excellent. That's true of any area. So over time, we do need to keep making sure that we're -- that it's a great product at a great price. And moreover, that price is accessible to people. \"
"Tesla, Inc.",27444752,3093679,2024-04-23,"Tesla, Inc., Q1 2024 Earnings Call, Apr 23, 2024",71,111904905,4,Answer,Lars Moravy,Executives,More accessible.
"Tesla, Inc.",27444752,3093679,2024-04-23,"Tesla, Inc., Q1 2024 Earnings Call, Apr 23, 2024",72,111904906,4,Answer,Elon Musk,Executives,"Yes, exactly. Make the price more accessible, the value for money better, and to keep improving that over time."
"Tesla, Inc.",27444752,3093679,2024-04-23,"Tesla, Inc., Q1 2024 Earnings Call, Apr 23, 2024",73,111904907,4,Answer,Lars Moravy,Executives,But also make [indiscernible] if that people want to buy.
"Tesla, Inc.",27444752,3093679,2024-04-23,"Tesla, Inc., Q1 2024 Earnings Call, Apr 23, 2024",74,111904908,4,Answer,Elon Musk,Executives,"Yes, it's going to be a great product and at a great price. And the standards for what constitutes great product at a great price keep increasing. So there's like -- you can't just be static. You have to keep making the car better, improving the price, but improving the cost of production, and that's what we're doing."
"Tesla, Inc.",27444752,3093679,2024-04-23,"Tesla, Inc., Q1 2024 Earnings Call, Apr 23, 2024",75,111904909,4,Answer,Vaibhav Taneja,Executives,"Yes. And in fact, like I said in my opening remarks also, like the revised -- the updated Model 3 is a fantastic car. I don't think people fully even understand that lot of engineering effort which has gone and Lars and team have actually put out videos explaining how much the car is different. I mean it looks and feels different. Not only it looks and feels different. We've added so much value to it, but you can lease it for like as low as $299 a month."
"Tesla, Inc.",27444752,3093679,2024-04-23,"Tesla, Inc., Q1 2024 Earnings Call, Apr 23, 2024",76,111904910,4,Answer,Lars Moravy,Executives,Without gas.
"Tesla, Inc.",27444752,3093679,2024-04-23,"Tesla, Inc., Q1 2024 Earnings Call, Apr 23, 2024",77,111904912,4,Answer,Martin Viecha,Executives,The next question comes from George from Canaccord.
"Tesla, Inc.",27444752,3093679,2024-04-23,"Tesla, Inc., Q1 2024 Earnings Call, Apr 23, 2024",78,111904913,3,Question,George Gianarikas,Analysts,"First, could you please help us understand some of the timing of launching FSD in additional geographies, including maybe clarifying your recent comment about China?"
"Tesla, Inc.",27444752,3093679,2024-04-23,"Tesla, Inc., Q1 2024 Earnings Call, Apr 23, 2024",79,111904914,4,Answer,Elon Musk,Executives,"I mean like new markets, yes, we are -- there are a bunch of markets where we don't currently sell cars that we should be selling cars in. We'll see some acceleration of that."
"Tesla, Inc.",27444752,3093679,2024-04-23,"Tesla, Inc., Q1 2024 Earnings Call, Apr 23, 2024",80,111904915,3,Question,George Gianarikas,Analysts,And FSD new markets?
"Tesla, Inc.",27444752,3093679,2024-04-23,"Tesla, Inc., Q1 2024 Earnings Call, Apr 23, 2024",81,111904916,4,Answer,Elon Musk,Executives,"Yes. So think about the end-to-end neural net-based autonomy is that just like a human, it actually works pretty well without modification in almost any market. So we plan on -- with the approval of the regulators, releasing it as a supervised autonomy system in any market that -- where we can get regulatory approval for that, which we think includes China. So yes, it's -- just like a human, you can go rent a car in a foreign country and you can drive pretty well. Obviously, if you live in that country, you'll drive better. And so we'll make the car drive better in these other countries with country-specific training. But it can drive quite well almost everywhere."
"Tesla, Inc.",27444752,3093679,2024-04-23,"Tesla, Inc., Q1 2024 Earnings Call, Apr 23, 2024",82,111904917,4,Answer,Vaibhav Taneja,Executives,"The basics of driving are basically same everywhere like car is a car, the traffic lights."
"Tesla, Inc.",27444752,3093679,2024-04-23,"Tesla, Inc., Q1 2024 Earnings Call, Apr 23, 2024",83,111904918,4,Answer,Elon Musk,Executives,"It understands that it shouldn't hit things, no matter what the road rule are."
"Tesla, Inc.",27444752,3093679,2024-04-23,"Tesla, Inc., Q1 2024 Earnings Call, Apr 23, 2024",84,111904919,4,Answer,Vaibhav Taneja,Executives,"Exactly. There are some road rules that you need to follow. And in China, you shouldn't cross over a solid line to do a lane change. In U.S. it's a recommendation I think. In china, you get fined heavily if you do that. We have to do some more actions, but it's mostly smaller reduction. It's not like the entire change or type or something."
"Tesla, Inc.",27444752,3093679,2024-04-23,"Tesla, Inc., Q1 2024 Earnings Call, Apr 23, 2024",85,111904920,4,Answer,Martin Viecha,Executives,"George, do you have a follow-up?"
"Tesla, Inc.",27444752,3093679,2024-04-23,"Tesla, Inc., Q1 2024 Earnings Call, Apr 23, 2024",86,111904921,3,Question,George Gianarikas,Analysts,Yes. So my follow-up has to do with the first quarter deliveries and I'm curious as to whether or not you feel that supply constraints that you mentioned throughout the release impacted the results and maybe can you help us quantify that? And is that why you have some confidence in unit growth in 2024?.
"Tesla, Inc.",27444752,3093679,2024-04-23,"Tesla, Inc., Q1 2024 Earnings Call, Apr 23, 2024",87,111904922,4,Answer,Vaibhav Taneja,Executives,"I think we did cover this a little bit in the opening remarks to you. Q1 had a lot of different things which are happening. Seasonality was a big one, continued pressure from the macroeconomic environment. We had attacks at our factory. We had Red Sea attacks, we are ramping Model 3, we're ramping Cybertruck. All these things are happening. I mean, it almost feels like a culmination of all those activities in a constrained period. And that gives us that confidence that, hey, we don't expect these things to recur."
"Tesla, Inc.",27444752,3093679,2024-04-23,"Tesla, Inc., Q1 2024 Earnings Call, Apr 23, 2024",88,111904923,4,Answer,Elon Musk,Executives,Yes. We think Q2 will be a lot better. Yes.
"Tesla, Inc.",27444752,3093679,2024-04-23,"Tesla, Inc., Q1 2024 Earnings Call, Apr 23, 2024",89,111904924,4,Answer,Lars Moravy,Executives,Just 1 thing after another
"Tesla, Inc.",27444752,3093679,2024-04-23,"Tesla, Inc., Q1 2024 Earnings Call, Apr 23, 2024",90,111904925,4,Answer,Elon Musk,Executives,"It's just -- if you've got cars that are sitting on ships, they obviously cannot delivered to people. And if you've got the excess demand for Model 3 and Model Y in one market, but you don't have it there. It's quite a -- it's extremely complex logistics situation. So I'd say also the -- we did overcomplicate the sales process, which we've just in the past week or so have greatly simplified. So it became far too complex to buy a Tesla, whereas it should just be you can buy the car in under a minute. So we're getting back to that you can buy a Tesla in under an minute interface from what was quite complex."
"Tesla, Inc.",27444752,3093679,2024-04-23,"Tesla, Inc., Q1 2024 Earnings Call, Apr 23, 2024",91,111904926,4,Answer,Martin Viecha,Executives,Let's go to Colin Rusch from Oppenheimer.
"Tesla, Inc.",27444752,3093679,2024-04-23,"Tesla, Inc., Q1 2024 Earnings Call, Apr 23, 2024",92,111904927,3,Question,Colin Rusch,Analysts,"Given the pursuit of Tesla really as a leader in AI for the physical world, in your comments around distributed inference, can you talk about what that approach is unlocking beyond what's happening in the vehicle right now."
"Tesla, Inc.",27444752,3093679,2024-04-23,"Tesla, Inc., Q1 2024 Earnings Call, Apr 23, 2024",93,111904928,4,Answer,Elon Musk,Executives,Do you want to say something.
"Tesla, Inc.",27444752,3093679,2024-04-23,"Tesla, Inc., Q1 2024 Earnings Call, Apr 23, 2024",94,111904929,4,Answer,Ashok Elluswamy,Executives,Yes. Like Elon mentioned like the car even when it's a full robotaxi it's probably going to be used on 150 hours a week.
"Tesla, Inc.",27444752,3093679,2024-04-23,"Tesla, Inc., Q1 2024 Earnings Call, Apr 23, 2024",95,111904930,4,Answer,Elon Musk,Executives,That's my guess like 1/3 of the hours of the week.
"Tesla, Inc.",27444752,3093679,2024-04-23,"Tesla, Inc., Q1 2024 Earnings Call, Apr 23, 2024",96,111904931,4,Answer,Ashok Elluswamy,Executives,"Yes. It could be more or less, but then there's certainly going to be some hours left for charging and cleaning and maintenance in that world, you can do a lot of other workloads, even right now, we are seeing, for example, the LLM companies have these batch workloads where they send a bunch of documents and those are run through pretty large neural networks and take a lot of compute to chunk through those workloads. And now that we have already paid for this compute in these cars, it might be wise to use them and not let them be like buying a lot of expensive machinery and leaving to them idle. We don't want that. We want to use the computer as much as possible and close to like basically 100% of the time to make it a use of it."
"Tesla, Inc.",27444752,3093679,2024-04-23,"Tesla, Inc., Q1 2024 Earnings Call, Apr 23, 2024",97,111904932,4,Answer,Elon Musk,Executives,"I think it's analogous to Amazon Web Services, where people didn't expect that AWS would be the most valuable part of Amazon when it started out as a bookstore. So that was on nobody's radar. But they found that they had excess compute because the compute needs would spike to extreme levels for brief periods of the year and then they had idle compute for the rest of the year. \"
"Tesla, Inc.",27444752,3093679,2024-04-23,"Tesla, Inc., Q1 2024 Earnings Call, Apr 23, 2024",98,111904933,4,Answer,Ashok Elluswamy,Executives,"Yes, probably because it takes a lot of intelligence to drive the car anyway. And when it's not driving the car, you just put this intelligence to other uses, solving scientific problems or answer in terms of someone else."
"Tesla, Inc.",27444752,3093679,2024-04-23,"Tesla, Inc., Q1 2024 Earnings Call, Apr 23, 2024",99,111904934,4,Answer,Elon Musk,Executives,We've already learned about deploying workloads to these nodes
"Tesla, Inc.",27444752,3093679,2024-04-23,"Tesla, Inc., Q1 2024 Earnings Call, Apr 23, 2024",100,111904935,4,Answer,Ashok Elluswamy,Executives,"And unlike laptops and our cell phones, it is totally under [indiscernible] control. So it's easier to misuse the road product laws different nodes as opposed to asking users for permission on their own cell phones to be very tedious."
"Tesla, Inc.",27444752,3093679,2024-04-23,"Tesla, Inc., Q1 2024 Earnings Call, Apr 23, 2024",101,111904936,4,Answer,Elon Musk,Executives,"Well, you're just draining the battery on the phone, So like technically, I suppose like Apple would have the most amount of distributed compute, but you can't use it because you can't get the -- you can't just run the phone at full power and drain the battery. So for the car, even if you're a kilowatt level inference computer, which is crazy power compared to a phone. If you've got 50 or 60 kilowatt hour pack, it's still not a big deal. whether you plugged it or not, could be plugged in or not like you could run for 10 hours and use 10-kilowatt hours of your kilowatt of compute power."
"Tesla, Inc.",27444752,3093679,2024-04-23,"Tesla, Inc., Q1 2024 Earnings Call, Apr 23, 2024",102,111904937,4,Answer,Lars Moravy,Executives,We got built in like liquid cold thermal management. \
"Tesla, Inc.",27444752,3093679,2024-04-23,"Tesla, Inc., Q1 2024 Earnings Call, Apr 23, 2024",103,111904938,4,Answer,Elon Musk,Executives,Yes. It's distributed power generation -- distributed access to power and distributed cooling. That was already paid for.
"Tesla, Inc.",27444752,3093679,2024-04-23,"Tesla, Inc., Q1 2024 Earnings Call, Apr 23, 2024",104,111904939,4,Answer,Ashok Elluswamy,Executives,"Yes. I mean that distributed power and cooling, people underestimate that costs a lot of money."
"Tesla, Inc.",27444752,3093679,2024-04-23,"Tesla, Inc., Q1 2024 Earnings Call, Apr 23, 2024",105,111904940,4,Answer,Vaibhav Taneja,Executives,"Yes. And the CapEx is shared by the entire world sort of [indiscernible] chunk, and they get a small profit out of it, maybe."
"Tesla, Inc.",27444752,3093679,2024-04-23,"Tesla, Inc., Q1 2024 Earnings Call, Apr 23, 2024",106,111904942,3,Question,Colin Rusch,Analysts,"And just my follow-up is a little bit more mundane. Looking at the 4680 ramp, can you talk about how close you were to target yields and when you might start to accelerate incremental capacity expansions on that technology."
"Tesla, Inc.",27444752,3093679,2024-04-23,"Tesla, Inc., Q1 2024 Earnings Call, Apr 23, 2024",107,111904943,4,Answer,Elon Musk,Executives,"We're making good progress on that. But I don't think it's super important for at least in the near term. As Lars said, we think it will be exceed the competitiveness of suppliers by the end of this year. And then we'll continue to improve."
"Tesla, Inc.",27444752,3093679,2024-04-23,"Tesla, Inc., Q1 2024 Earnings Call, Apr 23, 2024",108,111904944,4,Answer,Lars Moravy,Executives,"Yes. I mean I think it's important to note also that like the ramp right now is relevant to the Cybertruck ramp. And so like we're not going to just randomly build 4680s unless we have a place to put them. And so we're going to make sure we're prudent about that. But we also have a lot of investments with all our cell suppliers and vendors. They're great partners, and they've done great development work with us and a lot of the advancements in technologies and chemistry, they're also putting into their cells."
"Tesla, Inc.",27444752,3093679,2024-04-23,"Tesla, Inc., Q1 2024 Earnings Call, Apr 23, 2024",109,111904945,4,Answer,Elon Musk,Executives,"Yes. I mean a big part of the 4680, Tesla doing internal cells was a hedge against what would happen with our suppliers because for a while they are it was very difficult because every big carmaker put in massive battery orders. And so the price per kilowatt hour of lithium ion batteries went to crazy numbers, crazy levels."
"Tesla, Inc.",27444752,3093679,2024-04-23,"Tesla, Inc., Q1 2024 Earnings Call, Apr 23, 2024",110,111904946,4,Answer,Vaibhav Taneja,Executives,Bonkers.
"Tesla, Inc.",27444752,3093679,2024-04-23,"Tesla, Inc., Q1 2024 Earnings Call, Apr 23, 2024",111,111904947,4,Answer,Elon Musk,Executives,"Yes, just bonkers. So like, okay, we've got to have some hedge here to deal with cost per kilowatt hours of numbers that were double what we anticipated. If we have an internal cell production, then we have that hedge against demand shocks, we have too much demand. That's really the way to think about it. It's not like we want to take on a whole bunch of problems just for the hell of it. We did the cell program in order to address the crazy increase in cost per kilowatt hour from our suppliers due to gigantic orders placed by every carmaker on earth"
"Tesla, Inc.",27444752,3093679,2024-04-23,"Tesla, Inc., Q1 2024 Earnings Call, Apr 23, 2024",112,111904948,4,Answer,Martin Viecha,Executives,And the last question comes from Ben Kallo from Baird.
"Tesla, Inc.",27444752,3093679,2024-04-23,"Tesla, Inc., Q1 2024 Earnings Call, Apr 23, 2024",113,111904949,4,Answer,Elon Musk,Executives,"Well, I want to say again, we'd just like to strongly recommend that anyone who is, I guess, thinking about the Tesla stock should really drive 12.3. It really -- you can't -- it's impossible to understand the company if you do not do this. ."
"Tesla, Inc.",27444752,3093679,2024-04-23,"Tesla, Inc., Q1 2024 Earnings Call, Apr 23, 2024",114,111904950,4,Answer,Martin Viecha,Executives,All right. So since Ben is not unmuting. Let's try Shreyas Patil from Wealth Research. Final question.
"Tesla, Inc.",27444752,3093679,2024-04-23,"Tesla, Inc., Q1 2024 Earnings Call, Apr 23, 2024",115,111904951,3,Question,Unknown Analyst,Analysts,"Just Elon, during the Investor Day last year, you mentioned that auto COGS per unit for the next-gen vehicle would decline by 50% versus the current 3 and Y. I think that was implying something around $20,000 of COGS. About 1/3 of that was coming from the on-box manufacturing process. But I'm curious if you see an opportunity that the -- some of the other drivers around powertrain cost reduction or material cost savings, would those be largely transferable to some of the new products that you're now talking about introducing?"
"Tesla, Inc.",27444752,3093679,2024-04-23,"Tesla, Inc., Q1 2024 Earnings Call, Apr 23, 2024",116,111904952,4,Answer,Lars Moravy,Executives,"Yes, sure. I mean, in short, yes, I mean, like the on-box manufacturing method is certainly great and revolutionary, but with it comes some risks because new production lines and not, but all the subsystems we developed, whether it was powertrains, drive units, battery improvements in manufacturing and automation, thermal systems, seating, integration of interior components and reduction of LV controllers, all that's transferable, and that's what we're doing, trying to get it in their products as fast as possible. And so yes, that engineering work, we're not trying to just throw it away and put a cough and we're going to take it and utilize it and utilize it to the best advantage of the cars we make and the future cars make ."
"Tesla, Inc.",27444752,3093679,2024-04-23,"Tesla, Inc., Q1 2024 Earnings Call, Apr 23, 2024",117,111904953,3,Question,Unknown Analyst,Analysts,"Okay. Great. And then just on that topic of 4680 cells, I know you mentioned it, you really thought of it more as like a hedge against rising battery costs from other OEMs. But it seems even today, it seems like you would have a cost advantage against some of those other automakers. And I'm wondering, given the rationalizing of your vehicle manufacturing plans that you're talking about now, if there's an opportunity to maybe convert the 4680 cells and maybe sell those to other automakers and really generate an additional revenue stream. I'm just curious if you have any thoughts about that."
"Tesla, Inc.",27444752,3093679,2024-04-23,"Tesla, Inc., Q1 2024 Earnings Call, Apr 23, 2024",118,111904954,4,Answer,Elon Musk,Executives,"Great. What seems to be happening is that the I'm missing something, the orders for batteries from other automakers have declined dramatically. So we're seeing much more competitive prices for sales from our suppliers, dramatically more competitive than in the past. It is clear that a lot of our suppliers have excess capacity."
"Tesla, Inc.",27444752,3093679,2024-04-23,"Tesla, Inc., Q1 2024 Earnings Call, Apr 23, 2024",119,111904955,4,Answer,Unknown Executive,Executives,"Yes. In addition to what Elon, this is kind of in addition to what Elon said, about 4680, what 4680 did for us from a supply chain perspective was help us understand the supply chain that's upstream of our cell suppliers. So a lot of the deals that we had struck for 4680, we can also supply those materials to our partners, reducing the overall cost back to Tesla. So we're basically inserting ourselves in the upstream supply chain by doing that. So that's also been beneficial in reducing the overall pricing in addition to the excess capacity that these suppliers have."
"Tesla, Inc.",27444752,3093679,2024-04-23,"Tesla, Inc., Q1 2024 Earnings Call, Apr 23, 2024",120,111904956,4,Answer,Elon Musk,Executives,"Yes. No, I mean this is going to wax and wane, obviously. So there's going to be a boom and bust in battery cell production where production exceeds supply and then supply exceeds production and back and forth kind of like, I don't know, [ DRAM ] or something. But Yes. So it's like what is true today will not be true in the future, there's going to be somewhat of a boom and bust cycle here. And then there are additional complications with government incentives like the Inflation Reduction Act, the IRA [indiscernible] like a funny name. \"
"Tesla, Inc.",27444752,3093679,2024-04-23,"Tesla, Inc., Q1 2024 Earnings Call, Apr 23, 2024",121,111904957,4,Answer,Vaibhav Taneja,Executives,Independent retirement account.
"Tesla, Inc.",27444752,3093679,2024-04-23,"Tesla, Inc., Q1 2024 Earnings Call, Apr 23, 2024",122,111904958,4,Answer,Elon Musk,Executives,"Yes, exactly. Roth IRA. It's like [indiscernible] Situation, which IRA wins. But it is complicate the incentive structure. So that is there's the stronger demand for cells that are produced in the U.S. than outside the U.S. But then how long is that the IRA last, I don't know."
"Tesla, Inc.",27444752,3093679,2024-04-23,"Tesla, Inc., Q1 2024 Earnings Call, Apr 23, 2024",123,111904959,4,Answer,Unknown Executive,Executives,Which is why it's important that we have both [indiscernible] hedge against all of this.
"Tesla, Inc.",27444752,3093679,2024-04-23,"Tesla, Inc., Q1 2024 Earnings Call, Apr 23, 2024",124,111904960,4,Answer,Martin Viecha,Executives,"Okay. Thank you very much. That's all the time we have today. But at the same time, I would like to make a short announcement. And I wanted to let the investment community know that about a month ago, I met up with Elon and Vaibhav and announced that I'll be moving on from the world of Investor Relations. \"
"Tesla, Inc.",27444752,3093679,2024-04-23,"Tesla, Inc., Q1 2024 Earnings Call, Apr 23, 2024",125,111904961,4,Answer,Elon Musk,Executives,"Yes. Well, I mean the reason I reached out to you was because I thought your analysis of Tesla was the best that I had seen. Yes, thank you for helping Tesla to get to where it is today over 7 years. It's been a pleasure working with you."
"Tesla, Inc.",27444752,3093679,2024-04-23,"Tesla, Inc., Q1 2024 Earnings Call, Apr 23, 2024",126,111904962,4,Answer,Martin Viecha,Executives,"Thank you so much. And yes, thank you for all the thousands of shareholders that we've met over the years and walked around factories and loved all the interactions, even the tough ones. And yes, looking forward to the call in the next 3 months, but I'll be on the other side, listening in. Thank you very much."
"Tesla, Inc.",27444752,3193538,2024-07-23,"Tesla, Inc., Q2 2024 Earnings Call, Jul 23, 2024",1,113921648,4,Answer,Travis Axelrod,Executives,"Great. Thank you very much, Vaibhav. Now let's go to investor questions. The first question is, what is the status on the Roadster?"
"Tesla, Inc.",27444752,3193538,2024-07-23,"Tesla, Inc., Q2 2024 Earnings Call, Jul 23, 2024",2,113921649,4,Answer,Elon Musk,Executives,"With respect to Roadster, we've completed most of the engineering. And I think there's still some upgrades we want to make to it, but we expect to be in production with Roadster next year. It will be something special. Like the whole thing might be."
"Tesla, Inc.",27444752,3193538,2024-07-23,"Tesla, Inc., Q2 2024 Earnings Call, Jul 23, 2024",3,113921650,4,Answer,Travis Axelrod,Executives,"Fantastic. The next question is about timing of Robotaxi event, which we've already covered. So we'll go to the next question. When do you expect the first Robotaxi ride?"
"Tesla, Inc.",27444752,3193538,2024-07-23,"Tesla, Inc., Q2 2024 Earnings Call, Jul 23, 2024",4,113921651,4,Answer,Elon Musk,Executives,"I guess that, that's really just a question of when can we expect the first -- or when can we do unsupervised full self-driving. It's difficult, obviously, my predictions on this have been overly optimistic in the past. So I mean, based on the current trend, it seems as though we should get miles between interventions to be high enough that -- to be far enough in excess of humans that you could do unsupervised possibly by the end of this year. I would be shocked if we cannot do it next year. So next year seems highly probable to me based on quite simply plus the points of the curve of miles between intervention. That trend exceeds the humans for sure next year, so yes."
"Tesla, Inc.",27444752,3193538,2024-07-23,"Tesla, Inc., Q2 2024 Earnings Call, Jul 23, 2024",5,113921652,4,Answer,Travis Axelrod,Executives,"Thank you very much. Our third question is, the Cybertruck is an iconic product that wows everyone who sees it. Do you have plans to expand the cyber vehicle lineup to a cyber SUV or cyber van?"
"Tesla, Inc.",27444752,3193538,2024-07-23,"Tesla, Inc., Q2 2024 Earnings Call, Jul 23, 2024",6,113921653,4,Answer,Elon Musk,Executives,I think we want to limit product announcements to when we have a special -- a specific product announcement event rather than earnings calls.
"Tesla, Inc.",27444752,3193538,2024-07-23,"Tesla, Inc., Q2 2024 Earnings Call, Jul 23, 2024",7,113921654,4,Answer,Travis Axelrod,Executives,"Great. Our next question is, what is the current status of 4680 battery cell production? And how is the ramp-up progressing?"
"Tesla, Inc.",27444752,3193538,2024-07-23,"Tesla, Inc., Q2 2024 Earnings Call, Jul 23, 2024",8,113921655,4,Answer,Lars Moravy,Executives,"4680 production ramped strongly in Q2, delivering 51% more sales than Q1, while reducing COGS significantly. We currently produce more than 1,400 cybertrucks of 4680 cells a week. We'll continue to ramp upward as we drive cost down further towards the cost parity target we set for the end of the year. We've built our first validation Cybertruck with dry cathode process made on mass production equipment, which is a huge technical milestone, and we're super proud of that. We're on track for production launch with the dry cathode in Q4. And this will enable cell costs to be significantly below available alternatives which was the original goal of the 4680 program."
"Tesla, Inc.",27444752,3193538,2024-07-23,"Tesla, Inc., Q2 2024 Earnings Call, Jul 23, 2024",9,113921656,4,Answer,Travis Axelrod,Executives,Great. The next question is any update on Dojo?
"Tesla, Inc.",27444752,3193538,2024-07-23,"Tesla, Inc., Q2 2024 Earnings Call, Jul 23, 2024",10,113921657,4,Answer,Elon Musk,Executives,"Yes. So Dojo, I should preface this by saying I'm incredibly impressed by NVIDIA's execution and the capability of their hardware. And what we are seeing is that the demand for NVIDIA hardware is so high that it's often difficult to get the GPUs. And there just seems this -- I guess I'm quite concerned about actually being able to get steady out NVIDIA GPUs and when we want them. And I think this therefore requires that we put a lot more effort on Dojo in order to have -- in order to ensure that we've got the training capability that we need. \"
"Tesla, Inc.",27444752,3193538,2024-07-23,"Tesla, Inc., Q2 2024 Earnings Call, Jul 23, 2024",11,113921658,4,Answer,Travis Axelrod,Executives,"Great. The next question is, what type of accessories will be offered with Optimus?"
"Tesla, Inc.",27444752,3193538,2024-07-23,"Tesla, Inc., Q2 2024 Earnings Call, Jul 23, 2024",12,113921659,4,Answer,Elon Musk,Executives,There's -- Optimus is intended to be a generalized humanoid robot with a lot of intelligence. So it's like saying what kind of accessories will be offered by the human. It's just the intent to be able to be backward compatible with human tasks. So it would use any accessories that a human would use.
"Tesla, Inc.",27444752,3193538,2024-07-23,"Tesla, Inc., Q2 2024 Earnings Call, Jul 23, 2024",13,113921660,4,Answer,Travis Axelrod,Executives,"The next question is, do you feel you're cheating people out of the joys of owning a Tesla by not advertising?"
"Tesla, Inc.",27444752,3193538,2024-07-23,"Tesla, Inc., Q2 2024 Earnings Call, Jul 23, 2024",14,113921661,4,Answer,Elon Musk,Executives,"We are not [ doing some ] advertising, so want to say something?"
"Tesla, Inc.",27444752,3193538,2024-07-23,"Tesla, Inc., Q2 2024 Earnings Call, Jul 23, 2024",15,113921662,4,Answer,Vaibhav Taneja,Executives,"Yes, I'll say something. Fundamental belief is that we need to be providing the best for -- at a reasonable price to the consumers. Just to give you a fact, in U.S. alone in Q2, over 2/3 of our sales were to -- deliveries were to people who had never owned a Tesla before which is encouraging. We've spent money on advertising and other awareness programs and we have adjusted our strategy. We're not saying no to advertising. But this is a dynamic play and we know that we have not exhausted all our options and therefore, plan to keep adjusting, but in the latter half of this year as well."
"Tesla, Inc.",27444752,3193538,2024-07-23,"Tesla, Inc., Q2 2024 Earnings Call, Jul 23, 2024",16,113921663,4,Answer,Travis Axelrod,Executives,"Great. The next question is on energy growth, which we already covered in the opening remarks. So we'll move on to the next one. What is the updated time line for Giga Mexico? And what will be the primary vehicles produced initially?"
"Tesla, Inc.",27444752,3193538,2024-07-23,"Tesla, Inc., Q2 2024 Earnings Call, Jul 23, 2024",17,113921664,4,Answer,Elon Musk,Executives,"Well, we currently are poised on Giga Mexico. I think we need to see just where things stand after the election. Trump has said that he will put heavy tariffs on vehicles produced in Mexico. So it doesn't make sense to invest a lot in Mexico if that is going to be the case. So we kind of need to see where the things play out politically. However, we're increasing capacity at our existing factories quite significantly. And I should say that the Cybertaxi or Robotaxi will be locally produced here at our headquarters at Giga Texas."
"Tesla, Inc.",27444752,3193538,2024-07-23,"Tesla, Inc., Q2 2024 Earnings Call, Jul 23, 2024",18,113921665,4,Answer,Travis Axelrod,Executives,Thank you...
"Tesla, Inc.",27444752,3193538,2024-07-23,"Tesla, Inc., Q2 2024 Earnings Call, Jul 23, 2024",19,113921666,4,Answer,Elon Musk,Executives,And as well Optimus towards the end of next year for Optimus production version 2 -- the high-volume version of Optimus will also be produced here in Texas.
"Tesla, Inc.",27444752,3193538,2024-07-23,"Tesla, Inc., Q2 2024 Earnings Call, Jul 23, 2024",20,113921667,4,Answer,Travis Axelrod,Executives,Great. Just a couple more. Is Tesla still in talks with an OEM to license FSD?
"Tesla, Inc.",27444752,3193538,2024-07-23,"Tesla, Inc., Q2 2024 Earnings Call, Jul 23, 2024",21,113921668,4,Answer,Elon Musk,Executives,There are a few major OEMs that have expressed interest in licensing Tesla full self-driving. And I suspect there will be more over time. But we can't comment on the details of those discussions.
"Tesla, Inc.",27444752,3193538,2024-07-23,"Tesla, Inc., Q2 2024 Earnings Call, Jul 23, 2024",22,113921669,4,Answer,Travis Axelrod,Executives,"Right. And the last one, any updates on investing in xAI and integrating Grok into Tesla software?"
"Tesla, Inc.",27444752,3193538,2024-07-23,"Tesla, Inc., Q2 2024 Earnings Call, Jul 23, 2024",23,113921670,4,Answer,Elon Musk,Executives,"I should say Tesla is learning quite a bit from xAI. It's been actually helpful in advancing full self-driving and in building up the new Tesla data center. With -- regarding investing in xAI, I think, we need to have a shareholder approval of any such investment. But I'm certainly supportive of that if shareholders are, the group -- probably, I think we need a vote on that. And I think there are opportunities to integrate Grok into Tesla's software, yes."
"Tesla, Inc.",27444752,3193538,2024-07-23,"Tesla, Inc., Q2 2024 Earnings Call, Jul 23, 2024",24,113921671,4,Answer,Travis Axelrod,Executives,All right. Thanks very much. And now we will move on to analyst questions. The first question comes from Will Stein from Truist.
"Tesla, Inc.",27444752,3193538,2024-07-23,"Tesla, Inc., Q2 2024 Earnings Call, Jul 23, 2024",25,113921672,3,Question,William Stein,Analysts,"And this relates a little bit to the last 1 that was asked. Elon, I share your strong enthusiasm about AI and I recognize Tesla's opportunity to do some great things with the technology. But there are some concerns I have about Tesla's commercialization and that's what I'd like to ask about. Specifically, there were some new stories through the quarter that indicated that you redirected some AI compute systems that were destined for Tesla instead to xAI or perhaps it was to X, I'm not sure. And similarly, a few quarters ago, if you recall, I asked about your ability to hire engineers in this area. And you noted that there was a great desire for some of these engineers to work on projects that you were involved with, but some of them weren't at Tesla. They were instead at xAI or perhaps even X, again. \"
"Tesla, Inc.",27444752,3193538,2024-07-23,"Tesla, Inc., Q2 2024 Earnings Call, Jul 23, 2024",26,113921673,4,Answer,Elon Musk,Executives,"Yes. I mean I think you're referring to a very -- like an old article regarding GPUs. I think that's like 6 or 7 months old. Tesla simply had no place to try them on. So it would have been a waste of Tesla capital because we would just have to order H100s and have no place to try them on. So I was just -- this wasn't a let's pick xAI over Tesla. There was no -- the Tesla data centers were full. There was no place to actually put them. The -- we've been working 24/7 to complete the South extension on the Tesla Giga factory in Texas. That South extension is what will house [ 50,000 ] H100s and we're beginning to move the H100 server racks into place there. But we really needed -- we needed that to complete physically. \"
"Tesla, Inc.",27444752,3193538,2024-07-23,"Tesla, Inc., Q2 2024 Earnings Call, Jul 23, 2024",27,113921674,4,Answer,Vaibhav Taneja,Executives,"Yes. I mean I would even add that AI is a broad spectrum. And there are a lot of things which we are focused on full self-driving at Tesla and also Optimus. But there is the other spectrum of AI, which we're not working on and that's the kind of work which other companies are trying to do in this case, xAI. So you have to keep that in mind that it's a broad spectrum. It's not just 1 specific thing."
"Tesla, Inc.",27444752,3193538,2024-07-23,"Tesla, Inc., Q2 2024 Earnings Call, Jul 23, 2024",28,113921675,4,Answer,Elon Musk,Executives,"Yes. And once again, I want to just repeat myself here. I tried to recruit them to Tesla, including to say, like, you can work on AGI if you want and they refused. Only then was xAI created."
"Tesla, Inc.",27444752,3193538,2024-07-23,"Tesla, Inc., Q2 2024 Earnings Call, Jul 23, 2024",29,113921676,3,Question,William Stein,Analysts,"I really appreciate that clarification. If I can ask 1 follow-up. It relates to the new vehicles that you're planning to introduce next year? I understand this is not the venue for product announcements. But when we think about the focus, I've heard on the 1 hand that the focus is on cost reduction. On the other hand, you also said that the Roadster would come out. Should we expect other maybe more limited variants like similar to the cars that you make today, but with some changes or improvements or different -- some other variability in the form factors. Should we expect that to be a significant part of the strategy in the next year or 2?"
"Tesla, Inc.",27444752,3193538,2024-07-23,"Tesla, Inc., Q2 2024 Earnings Call, Jul 23, 2024",30,113921677,4,Answer,Elon Musk,Executives,"I don't want to get into the details of product announcements. And we have to be careful of the Osborne effect here. So if you start announcing some great things, it could affect your near-term sales. We're going to make great products in the future just like we have in the past, end of story."
"Tesla, Inc.",27444752,3193538,2024-07-23,"Tesla, Inc., Q2 2024 Earnings Call, Jul 23, 2024",31,113921678,4,Answer,Travis Axelrod,Executives,Great. The next question comes from Ben Kallo from Baird.
"Tesla, Inc.",27444752,3193538,2024-07-23,"Tesla, Inc., Q2 2024 Earnings Call, Jul 23, 2024",32,113921679,3,Question,Ben Kallo,Analysts,"When we think about revenue contribution and with energy growing so quickly and Optimus on the come, how do we think about the overall segments longer term? And then do you think that auto revenue will fall below 50% of your overall revenue? And then my follow-up is just on the last call, you talked about distributing compute on your new hardware. Could you just update us and talk a little bit more about that, the time line for it and how you would reward customers for letting you use their compute power in their cars?"
"Tesla, Inc.",27444752,3193538,2024-07-23,"Tesla, Inc., Q2 2024 Earnings Call, Jul 23, 2024",33,113921680,4,Answer,Elon Musk,Executives,"Yes. I mean, as I have said a few times, I think the long-term value of Optimus will exceed that of everything else that Tesla combined. So it's simply just never considered the usefulness, utility of a humanoid robot that can do pretty much anything you asked of it. I think everyone on earth is going to want one. There are 8 billion people on earth. So it's 8 billion right there. Then you've got all of the industrial uses, which is probably at least as much, if not, way more. So I suspect that the long term demand for general purpose humanoid robots is in excess of 20 billion units. And Tesla has the most advanced humanoid robot in the world and is also very good at manufacturing, which these other companies are not. And we've got a lot of experience with -- the most experienced -- we're the word leaders in [ Real World AI ]. So we have all of the ingredients. I think we're unique in having all of the ingredients necessary for large scale, high utility, generalized humanoid robots. \"
"Tesla, Inc.",27444752,3193538,2024-07-23,"Tesla, Inc., Q2 2024 Earnings Call, Jul 23, 2024",34,113921681,4,Answer,Travis Axelrod,Executives,And on the distributed compute?
"Tesla, Inc.",27444752,3193538,2024-07-23,"Tesla, Inc., Q2 2024 Earnings Call, Jul 23, 2024",35,113921682,4,Answer,Elon Musk,Executives,"Yes. Just distributed compute. It seems like a pretty obvious thing to do. I think where the distributed compute becomes interesting is with next-generation Tesla AI truck, which is hardware viable, what we're calling AI5, which is from the standpoint of inference capability comparable to B200 and [ a bit of ] B200. And we're aiming to have that in production at the end of next year and scale production in '26. So it just seems like if you've got autonomous vehicles that are operating for 50 or 60 hours a week, there's 168 hours in a week. So we have somewhere above, I think, 100 neural net computing. I think we need a better word than GPU because GPU means graphics processing unit. So there's a 100 hours plus per week of AI compute, AI [ first ] compute from the fleet in the vehicles and probably some percentage from humanoid robots. That it would make sense to do distributed inference. And if there's a fleet of at some point, 100 million vehicles with AI5 and beyond, AI6 and 7 and what not and there are maybe billions of humanoid robots. That is just a staggering amount of inference compute that could be used for general purpose computing. Doesn't have to use it for the humanoid robot or for the car. \"
"Tesla, Inc.",27444752,3193538,2024-07-23,"Tesla, Inc., Q2 2024 Earnings Call, Jul 23, 2024",36,113921683,4,Answer,Travis Axelrod,Executives,Right. Thank you. The next question comes from Alex Potter from Piper.
"Tesla, Inc.",27444752,3193538,2024-07-23,"Tesla, Inc., Q2 2024 Earnings Call, Jul 23, 2024",37,113921684,3,Question,Alex Potter,Analysts,"Perfect. I wanted to ask a question on FSD licensing. You mentioned that in passing previously. I was just wondering if you can elaborate maybe on the mechanics of how that would work? I guess, presumably, this would not be some sort of simple plug-and-play proposition that presumably an OEM would need, I don't know, several years to develop its own vehicle platform that's based on FSD. I imagine they would need to adopt Tesla's electrical architecture, compute, sensor stack. So correct me if I'm sort of misunderstanding this, but if you had a cooperative agreement of some kind with another OEM, then presumably it would take you several years before you'd be able to recognize licensing revenue from that agreement. Is that the right way to think about that?"
"Tesla, Inc.",27444752,3193538,2024-07-23,"Tesla, Inc., Q2 2024 Earnings Call, Jul 23, 2024",38,113921685,4,Answer,Elon Musk,Executives,"Yes. The OEMs do not move fast. That's not really a sensor suite. It's just cameras, but they would have to integrate our AI computer and have cameras with a 360-degree view. And at least the gateway like the -- what talks through the Internet and communicates with the Tesla system. With that you need kind of a gateway computer too. So it's really a gateway computer with cellular and Wi-Fi connectivity, the Tesla AI computer and [indiscernible] to get a 360-degree view. But this will -- given the speed at which the auto industry moves, it would be several years before you would see this in volume."
"Tesla, Inc.",27444752,3193538,2024-07-23,"Tesla, Inc., Q2 2024 Earnings Call, Jul 23, 2024",39,113921686,3,Question,Alex Potter,Analysts,"Okay. Good. That's more or less what I expected. So then the follow-up here is, if you did sign an FSD licensing agreement with another automaker, when do you think you would disclose that? Would you do it right when you sign the agreement or only after that multiple years have passed and the vehicle is ready to be rolled out?"
"Tesla, Inc.",27444752,3193538,2024-07-23,"Tesla, Inc., Q2 2024 Earnings Call, Jul 23, 2024",40,113921687,4,Answer,Elon Musk,Executives,I think it depends on the OEM. I guess we'd be happy either way.
"Tesla, Inc.",27444752,3193538,2024-07-23,"Tesla, Inc., Q2 2024 Earnings Call, Jul 23, 2024",41,113921688,4,Answer,Vaibhav Taneja,Executives,"Yes, it depends on what kind of arrangement we enter into. A lot of those things are, we've not got the end result yet. So we'll make that determination as and when we get to that point."
"Tesla, Inc.",27444752,3193538,2024-07-23,"Tesla, Inc., Q2 2024 Earnings Call, Jul 23, 2024",42,113921689,4,Answer,Elon Musk,Executives,"And the kind of deals that are obviously relevant are only some OEMs willing to do this in 1 million cars a year or something significant. Because not if it's like 10,000 or 100,000 cars a year. We can just make that ourselves."
"Tesla, Inc.",27444752,3193538,2024-07-23,"Tesla, Inc., Q2 2024 Earnings Call, Jul 23, 2024",43,113921690,4,Answer,Travis Axelrod,Executives,All right. The next question comes from Dan Levy from Barclays.
"Tesla, Inc.",27444752,3193538,2024-07-23,"Tesla, Inc., Q2 2024 Earnings Call, Jul 23, 2024",44,113921691,3,Question,Dan Levy,Analysts,"First, I wanted to start with a question on Shanghai. You've leveraged Shanghai as an export center really due to its low cost, that makes sense. Maybe you can just give us a sense of how the strategy changes, if at all, given the implementation of tariffs in Europe? Also to what extent your import of batteries from China into the U.S., how that might change given the tariffs?"
"Tesla, Inc.",27444752,3193538,2024-07-23,"Tesla, Inc., Q2 2024 Earnings Call, Jul 23, 2024",45,113921692,4,Answer,Vaibhav Taneja,Executives,"Yes. I think I covered some part of it in my opening remarks. But just to give you a little bit more. Just on the tariff side, the European authorities did sample certain other OEMs in their first round to establish the tariffs for cars being imported from China into Europe. While we were not picked up in our individual examination in the first round, they did pick us up in the second round. They visited our factory. We worked with them, provided them all the information. As a result, we are adjusting our import strategy out of China into Europe. But -- and one other thing to note is, in Q2 itself, we started building right hand Model Ys out of Berlin and we also delivered it in the U.K. \"
"Tesla, Inc.",27444752,3193538,2024-07-23,"Tesla, Inc., Q2 2024 Earnings Call, Jul 23, 2024",46,113921693,3,Question,Dan Levy,Analysts,"As a follow-up, I wanted to ask about the Robotaxi strategy. And specifically, the shareholder deck here notes that the release is going to be -- 1 of the gating factors is regulatory approval. So maybe you could help us understand which regulations specifically are the ones that we should be looking for? Is it FMVSS that's standard? And then to what extent does the strategy shift? You've done with FSD more of a nationwide, no boundary approach. Is the Robotaxi approach one that's more geo-fenced, so to speak, and is more driven by a state-by-state approach?"
"Tesla, Inc.",27444752,3193538,2024-07-23,"Tesla, Inc., Q2 2024 Earnings Call, Jul 23, 2024",47,113921694,4,Answer,Elon Musk,Executives,"I mean our solution is a generalized solution like what everybody else has. You could see if Waymo has [ one of it ], they have very localized solution that requires high-density mapping. It's not -- it's quite fragile. So their ability to expand, I believe, is limited. Our solution is a general solution that works anywhere. It would even work on a different earth. So if you [ branded ] a new earth, it would work on new earth. \"
"Tesla, Inc.",27444752,3193538,2024-07-23,"Tesla, Inc., Q2 2024 Earnings Call, Jul 23, 2024",48,113921695,4,Answer,Travis Axelrod,Executives,Thanks...
"Tesla, Inc.",27444752,3193538,2024-07-23,"Tesla, Inc., Q2 2024 Earnings Call, Jul 23, 2024",49,113921696,4,Answer,Unknown Executive,Executives,"Just to highlight that Travis. In terms of like, as Elon said, in terms of regulatory approval, the vehicles are governed by FMVSS in U.S., which is the same across all 50 states. The road rules are the same across all 50 states. So creating a generalized solution gives us the best opportunity to deploy in all 50 states reasonably. Of course, there are state and even local municipal level regulations that may apply to being a transportation company or deploying taxis. But as far as getting the vehicle on the road, that's all federal and that's very much in line with what Elon was suggesting of the data and the vehicle itself."
"Tesla, Inc.",27444752,3193538,2024-07-23,"Tesla, Inc., Q2 2024 Earnings Call, Jul 23, 2024",50,113921697,4,Answer,Ashok Elluswamy,Executives,"And to add to the technology point, the end-to-end network basically makes no assumption about the location. Like you could add data from different countries and it just like performs equally well there. That's like almost close to 0, U.S. specific code in there. It's all just the data that comes from the U.S."
"Tesla, Inc.",27444752,3193538,2024-07-23,"Tesla, Inc., Q2 2024 Earnings Call, Jul 23, 2024",51,113921698,4,Answer,Lars Moravy,Executives,"Yes. To that end, Ashok, it's like we can go as humans to other countries and drive with some reasonable amount of assessment in those countries, and that's how you design the FSD software."
"Tesla, Inc.",27444752,3193538,2024-07-23,"Tesla, Inc., Q2 2024 Earnings Call, Jul 23, 2024",52,113921699,4,Answer,Ashok Elluswamy,Executives,"Yes, exactly."
"Tesla, Inc.",27444752,3193538,2024-07-23,"Tesla, Inc., Q2 2024 Earnings Call, Jul 23, 2024",53,113921700,4,Answer,Travis Axelrod,Executives,"Great. Thanks, guys. The next question comes from George from Canaccord."
"Tesla, Inc.",27444752,3193538,2024-07-23,"Tesla, Inc., Q2 2024 Earnings Call, Jul 23, 2024",54,113921701,3,Question,George Gianarikas,Analysts,"Maybe just to expand on the regulatory question for a second. And I could be comparing apples and oranges, but GM canceled their pedal-less, wheel-less vehicle, and according to the company this morning, their decision was driven by uncertainty about the regulatory environment. And from what we understand, and again, maybe I'm wrong here, but the Robotaxi that has been shown, at least in the images to the public is also pedal-less and wheel-less. Is there a different regulatory concern just if you deploy a vehicle like that, that doesn't have pedal -- pedals or a wheel and that -- may that be different from just regular FSD on the traditional Tesla vehicle."
"Tesla, Inc.",27444752,3193538,2024-07-23,"Tesla, Inc., Q2 2024 Earnings Call, Jul 23, 2024",55,113921702,4,Answer,Elon Musk,Executives,"Well, obviously, the real reason that they canceled it because GM can't make it work, not because of regulators, they're blaming regulators. That's misleading [indiscernible] to do so, because Waymo is doing just fine in those markets. So it's just that their technology is not at par."
"Tesla, Inc.",27444752,3193538,2024-07-23,"Tesla, Inc., Q2 2024 Earnings Call, Jul 23, 2024",56,113921703,3,Question,George Gianarikas,Analysts,"And maybe just as a follow-up, I think, you mentioned that FSD take rates were up materially after you reduced the price. Is there any way you can help us quantify what that means exactly?"
"Tesla, Inc.",27444752,3193538,2024-07-23,"Tesla, Inc., Q2 2024 Earnings Call, Jul 23, 2024",57,113921704,4,Answer,Vaibhav Taneja,Executives,"Yes. We've shared that how -- that we've seen a meaningful increase. I don't want to get into specifics because we started from a low base, but we are seeing encouraging results. And the key thing here is, like Elon said, we need to experience it because words can't describe it till the time we actually use it. And that's why we are trying to make sure that every time a car is getting delivered, people are being showed how this thing is working. Because when you see it working, you realize how great it is. I mean, just to give you 1 example. \"
"Tesla, Inc.",27444752,3193538,2024-07-23,"Tesla, Inc., Q2 2024 Earnings Call, Jul 23, 2024",58,113921705,4,Answer,Elon Musk,Executives,"We're fixing the sunglasses thing. It's coming soon. So you will be able to drive -- you'll be able to have sunglasses on and have the car drive. So -- but there's number of times I've talked with smart people who like live in New York or maybe downtown Boston and don't ever drive and then ask me about FSD, I'm like, you can just get a car and try it. And if you're not doing that, you have no idea what's going on."
"Tesla, Inc.",27444752,3193538,2024-07-23,"Tesla, Inc., Q2 2024 Earnings Call, Jul 23, 2024",59,113921706,4,Answer,Travis Axelrod,Executives,The next question comes from Pierre from New Street.
"Tesla, Inc.",27444752,3193538,2024-07-23,"Tesla, Inc., Q2 2024 Earnings Call, Jul 23, 2024",60,113921707,3,Question,Pierre Ferragu,Analysts,"So it's on Robotaxi, again, and I completely get it that with a universal solution we will get like regulatory approval. We get there eventually clicking up miles and compute, et cetera. And my question is more how you think about deployment? Because I'm still like -- I'm thinking once you have a car that can drive everywhere that can replace me, it can replace a taxi. But then to do the ride-hailing service, you need a certain scale. And that means a lot of cars on the road. And so you need an infrastructure to just maintain the cars, take care of them, et cetera. And so my question is, are you already working on that? Do you have already an idea of what like your plan to deploy looks like? And is that like a Tesla-only plan? Or are you looking at partners, local partners, global partners to do that? And then I have a quick follow-up."
"Tesla, Inc.",27444752,3193538,2024-07-23,"Tesla, Inc., Q2 2024 Earnings Call, Jul 23, 2024",61,113921708,4,Answer,Elon Musk,Executives,"This would just be the Tesla network. You just literally open the Tesla app and summon a car and we send a car to pick you up and take you somewhere. And our -- we will have a fleet that's on the order of 7 million [ vehicle autonomy ] soon. In the U.S. it will be over 10 million and over 20 million. This is in that scale. And the car is able to operate 24/7 unlike the human drivers. So the capability to -- like this basically instant scale with a software update. And now this is for a customer-owned fleet. So you can think of that as being a bit like Airbnb, like you can choose to allow your car to be used by the fleet or cancel that and bring it back. It will be used by the fleet all the time, can be used by the fleet some of the time and then Tesla will take a share in the revenue with the customer. \"
"Tesla, Inc.",27444752,3193538,2024-07-23,"Tesla, Inc., Q2 2024 Earnings Call, Jul 23, 2024",62,113921709,3,Question,Pierre Ferragu,Analysts,"Okay. And do you think that scales like progressively, so you can start in a city with just a handful of cars. Then you grow the number of cars over time? Or do you think there is like a critical mass you need to get to, to be able to offer like a service that is of competitive quality compared to what like Uber would be typically delivering already?"
"Tesla, Inc.",27444752,3193538,2024-07-23,"Tesla, Inc., Q2 2024 Earnings Call, Jul 23, 2024",63,113921710,4,Answer,Elon Musk,Executives,"I guess, I'm not conveying this correctly. The entire Tesla fleet basically becomes active. This is obviously -- maybe there's some number of people who don't want their car to earn money. But I think most people will. It's instant scale."
"Tesla, Inc.",27444752,3193538,2024-07-23,"Tesla, Inc., Q2 2024 Earnings Call, Jul 23, 2024",64,113921711,4,Answer,Travis Axelrod,Executives,Our next question comes from Colin from Oppenheimer.
"Tesla, Inc.",27444752,3193538,2024-07-23,"Tesla, Inc., Q2 2024 Earnings Call, Jul 23, 2024",65,113921712,3,Question,Colin Rusch,Analysts,"I've got 2 questions around energy storage. With the tight supply in the stationary storage, can you talk about your pricing strategy? And how you're thinking about saturation in given geographies given that some of these larger systems are starting to shift wholesale power markets in a pretty meaningful way quickly."
"Tesla, Inc.",27444752,3193538,2024-07-23,"Tesla, Inc., Q2 2024 Earnings Call, Jul 23, 2024",66,113921713,4,Answer,Vaibhav Taneja,Executives,"So yes, I mean, we are working with a large set of players in the market and our pipeline is actually pretty long. And there is actually a very -- there's actually a long end in terms of where you enter into a contract to where delivery starts happening. And so far, we have good pricing leverage, and I'll Mike chime in on this, too."
"Tesla, Inc.",27444752,3193538,2024-07-23,"Tesla, Inc., Q2 2024 Earnings Call, Jul 23, 2024",67,113921714,4,Answer,Unknown Executive,Executives,"Yes. I mean there's a lot of competition from Chinese OEMs, just like there is in the vehicle space. So we're in close contact with our customers and making sure that we're remaining competitive in where they're needing to be competitive to secure contracts to sell power and energy in the markets. We had a really strong contracting quarter and continue to build our backlog for 2025 and 2026. So we feel pretty good about where we are in the market. We realize that competition is strong, but we have a pretty strong value proposition with offering a fully integrated product with our own power electronics and site level control so..."
"Tesla, Inc.",27444752,3193538,2024-07-23,"Tesla, Inc., Q2 2024 Earnings Call, Jul 23, 2024",68,113921715,4,Answer,Vaibhav Taneja,Executives,"Yes. And again, the aspect which people do not fully understand is that there's also a whole software stack which comes with Megapack. And that is a unique proposition, which we have -- which is only available to us, and we're using it with other stuff, too, but that gives us a much more of an edge as compared to the competition."
"Tesla, Inc.",27444752,3193538,2024-07-23,"Tesla, Inc., Q2 2024 Earnings Call, Jul 23, 2024",69,113921716,4,Answer,Elon Musk,Executives,"Yes, we find customers that they can sort of put together a hodgepodge solution and then sometimes they'll pick their solutions. And then that doesn't work, and then they come back to us."
"Tesla, Inc.",27444752,3193538,2024-07-23,"Tesla, Inc., Q2 2024 Earnings Call, Jul 23, 2024",70,113921717,4,Answer,Unknown Executive,Executives,"Yes. And we're not really seeing saturation like on a global scale. There's little pockets of saturation in different markets, but we're more seeing that there's markets opening up given demand on the grid just continues to increase more than anyone expects. So that just opens up markets really across the world in different pockets."
"Tesla, Inc.",27444752,3193538,2024-07-23,"Tesla, Inc., Q2 2024 Earnings Call, Jul 23, 2024",71,113921718,4,Answer,Vaibhav Taneja,Executives,"Yes. I mean just even on the AI compute side, these GPUs are really powerful. And the amount of new pipeline, which we're getting for people, for data center backup and things like that is increasing at a pretty large scale."
"Tesla, Inc.",27444752,3193538,2024-07-23,"Tesla, Inc., Q2 2024 Earnings Call, Jul 23, 2024",72,113921719,3,Question,Colin Rusch,Analysts,"And then the follow up there is on rollout of 4680 process technology in the roll-to-roll process, there's some news around your equipment suppliers. Can you talk about how far along you were in potentially qualifying an incremental supplier around some of those critical process technology steps?"
"Tesla, Inc.",27444752,3193538,2024-07-23,"Tesla, Inc., Q2 2024 Earnings Call, Jul 23, 2024",73,113921720,4,Answer,Lars Moravy,Executives,"Yes, I can talk about that. You're probably referring to the lawsuit that we have with 1 of our suppliers. Look, I don't think this is going to affect our ability to roll out 4680. We have very strong IP position in the technology. And the majority of the equipment that we use is in-house designed and some of it is in-house build. And so we can take our IP stack and have someone else build it if we need to. So that's not really a concern right now."
"Tesla, Inc.",27444752,3193538,2024-07-23,"Tesla, Inc., Q2 2024 Earnings Call, Jul 23, 2024",74,113921721,4,Answer,Elon Musk,Executives,"Yes. I think people don't understand just how much demand there will be for storage. They really just -- like the people, I think, are underestimating this demand by product order of magnitude. So the actual energy -- total energy output of say, the U.S. grid is, if the power plants can operate at steady state is at least 2 to 3 times the amount of energy it currently produces. Because there are huge gaps -- because there's a huge difference in the -- from peak to trough in terms of energy or power generation. So in order for a grid to not have blackouts, it must be able to support the load at the worst minute of the worst day of the year. The coldest or hottest day, which means that for the rest of the time -- the rest of the year, it's got massive excess power generation capability, but it has no way to store that energy. \"
"Tesla, Inc.",27444752,3193538,2024-07-23,"Tesla, Inc., Q2 2024 Earnings Call, Jul 23, 2024",75,113921722,4,Answer,Travis Axelrod,Executives,All right. Thank you.
"Tesla, Inc.",27444752,3193538,2024-07-23,"Tesla, Inc., Q2 2024 Earnings Call, Jul 23, 2024",76,113921723,4,Answer,Elon Musk,Executives,That's a very profound thing.
"Tesla, Inc.",27444752,3193538,2024-07-23,"Tesla, Inc., Q2 2024 Earnings Call, Jul 23, 2024",77,113921724,4,Answer,Travis Axelrod,Executives,"Thank you, Elon. The next question comes from Colin Langan from Wells Fargo."
"Tesla, Inc.",27444752,3193538,2024-07-23,"Tesla, Inc., Q2 2024 Earnings Call, Jul 23, 2024",78,113921725,3,Question,Colin Langan,Analysts,"Great. Thanks for taking my questions. Do you hear me? I guess, I guess, when you ask, if Trump wins, there's a higher chance that IRA could get cut. I think Elon, you had commented online that Tesla doesn't survive on EV subsidies. But when Tesla loses a lot of support, IRA goes away, I think Model 3 and Y get IRA help for customers and I think your batteries get production tax credits. So just one, can you clarify if the IRA ends, would it be a negative for your profitability in the near term? Why might it not be a negative? And then any framing of the current support you get, IRA-related."
"Tesla, Inc.",27444752,3193538,2024-07-23,"Tesla, Inc., Q2 2024 Earnings Call, Jul 23, 2024",79,113921726,4,Answer,Elon Musk,Executives,"I guess that there would be like some impact, but I think it would be devastating for our competitors and for Tesla slightly. But long term probably actually helps Tesla, would be my guess, yes. But as I said this before in earning calls, it -- the value of Tesla overwhelmingly is autonomy. These other things are, I think, no way it's relative to autonomy. So I recommend anyone who doesn't believe that Tesla would sell vehicle autonomy should not hold Tesla stuff. They should sell their Tesla stuff. If you believe Tesla will sell autonomy, you should buy Tesla stuff. And all these other questions are in the noise."
"Tesla, Inc.",27444752,3193538,2024-07-23,"Tesla, Inc., Q2 2024 Earnings Call, Jul 23, 2024",80,113921727,4,Answer,Vaibhav Taneja,Executives,"Yes. I mean I'll add this just to clarify a few things that -- at the end of the day, when we are looking at our business, we've always been looking at it whether or not IRA is there. And we want our business to grow healthy without having any subsidies coming in, whichever way you look at it. And that's the way we've always modeled everything. And that is the way internally, also even when we're looking at battery costs, yes, IRA, there are manufacturing credits which we get, but we always drive ourselves to say, okay, what if there is no IRA benefit? And how do we operate in that kind of an environment? \"
"Tesla, Inc.",27444752,3193538,2024-07-23,"Tesla, Inc., Q2 2024 Earnings Call, Jul 23, 2024",81,113921728,4,Answer,Travis Axelrod,Executives,"Okay. I think that's unfortunately all the time we have for today. We appreciate all of your questions. We look forward to talking to you next quarter. Thank you very much, and goodbye."
"Tesla, Inc.",27444752,3334878,2024-10-23,"Tesla, Inc., Q3 2024 Earnings Call, Oct 23, 2024",1,117192701,4,Answer,Travis Axelrod,Executives,"Great. Thank you very much, Vaibhav. Now we'll go to investor questions. The first one is, is Tesla still on track to deliver the more affordable model next year as mentioned by Elon earlier? And how does it align with your AI and product road map?"
"Tesla, Inc.",27444752,3334878,2024-10-23,"Tesla, Inc., Q3 2024 Earnings Call, Oct 23, 2024",2,117192702,4,Answer,Lars Moravy,Executives,"Sure. I mean, as Elon and Vaibhav both said, we are on plan to meet that in the first half of next year. Ambition has always been to lower the cost of our vehicles, to increase the adoption of sustainable energy in transport. Part of that is lowering the cost of our current vehicles, which is where all of the personally-owned vehicles that we sell today come in. But the next stage in that really, as it fits into the AI road map, is when we bring in robotaxis, which lowers the initial cost of getting into an EV. And that's really where we see the marriage of EV road map and the AI road map."
"Tesla, Inc.",27444752,3334878,2024-10-23,"Tesla, Inc., Q3 2024 Earnings Call, Oct 23, 2024",3,117192703,4,Answer,Elon Musk,Executives,"Yes. It will be like with incentive of sub-$30,000 car, which is kind of a key threshold."
"Tesla, Inc.",27444752,3334878,2024-10-23,"Tesla, Inc., Q3 2024 Earnings Call, Oct 23, 2024",4,117192704,4,Answer,Travis Axelrod,Executives,"Great. Thank you very much. Similar question next, when can we expect Tesla to give us the $25,000 non-robotaxi regular car model?"
"Tesla, Inc.",27444752,3334878,2024-10-23,"Tesla, Inc., Q3 2024 Earnings Call, Oct 23, 2024",5,117192705,4,Answer,Elon Musk,Executives,We're not making a non-robo.
"Tesla, Inc.",27444752,3334878,2024-10-23,"Tesla, Inc., Q3 2024 Earnings Call, Oct 23, 2024",6,117192706,4,Answer,Lars Moravy,Executives,"Yes, all our vehicles today are robotaxis."
"Tesla, Inc.",27444752,3334878,2024-10-23,"Tesla, Inc., Q3 2024 Earnings Call, Oct 23, 2024",7,117192707,4,Answer,Elon Musk,Executives,"So I think we've made it very clear that the future is autonomous. I mean it's going to be -- I've actually said this many years ago, but that my strong belief and I believe that is panning out to be true, certainly, it'd be very obvious in retrospect, is that the future is autonomous electric vehicles. And nonautonomous gasoline vehicles in the future will be like riding a horse and using a flip bone. It's not that there are no horses, yes, there are some horses, but they're unusual. They're niche. And so everything is going to be electric autonomous. I think that it should be, frankly, blindingly obvious at this point that, that is the future. \"
"Tesla, Inc.",27444752,3334878,2024-10-23,"Tesla, Inc., Q3 2024 Earnings Call, Oct 23, 2024",8,117192708,4,Answer,Vaibhav Taneja,Executives,Yes. And our cars look normal.
"Tesla, Inc.",27444752,3334878,2024-10-23,"Tesla, Inc., Q3 2024 Earnings Call, Oct 23, 2024",9,117192709,4,Answer,Elon Musk,Executives,"Yes, they mostly look normal. The Cybertruck looks, thankfully, abnormal. And then the Cybercab/robotaxi, we wanted to have something futuristic-looking, and I think it does look futuristic. And it's worth noting with respect to the Cybercab, it's especially not just a revolutionary vehicle design but a revolution in vehicle manufacturing that is also coming with the Cybercab. The cycle times, like the units per hour of the Cybercab line, like this is just really something special. I mean this will be a half order of magnitude better than other car manufacturing lines, like not even the same league is what I'm saying, not in the same league. And I said like several years ago that maybe the hottest Tesla product probably will be the battery, just like a biofactory."
"Tesla, Inc.",27444752,3334878,2024-10-23,"Tesla, Inc., Q3 2024 Earnings Call, Oct 23, 2024",10,117192710,4,Answer,Lars Moravy,Executives,Yes. I can't reverse-engineer a factory.
"Tesla, Inc.",27444752,3334878,2024-10-23,"Tesla, Inc., Q3 2024 Earnings Call, Oct 23, 2024",11,117192711,4,Answer,Elon Musk,Executives,"Yes. And we're rapidly evolving our manufacturing technology. So anyway, basically, I think having a regular $25,000 model is pointless. It would be silly, like it will be completely at odds with what we believe."
"Tesla, Inc.",27444752,3334878,2024-10-23,"Tesla, Inc., Q3 2024 Earnings Call, Oct 23, 2024",12,117192712,4,Answer,Lars Moravy,Executives,"In an autonomous world, what matters is the lowest cost per mile of efficiency of that vehicle. And that's what we've done with the robotaxi."
"Tesla, Inc.",27444752,3334878,2024-10-23,"Tesla, Inc., Q3 2024 Earnings Call, Oct 23, 2024",13,117192713,4,Answer,Elon Musk,Executives,"Yes. Exactly. Autonomous, it's fully considered cost per mile is what matters. And if you try to make a car that is essentially a hybrid, manual/automatic car, it's not going to be as good as a dedicated autonomous car. So yes, Cybercab is just not going to have steering wheels and pedals, it will be designed and optimized for autonomy. It will cost roughly $25,000, so it is a $25,000 car. And you will be able to buy one already exclusively if you want. So it just won't have a steering wheel. You don't need it."
"Tesla, Inc.",27444752,3334878,2024-10-23,"Tesla, Inc., Q3 2024 Earnings Call, Oct 23, 2024",14,117192714,4,Answer,Travis Axelrod,Executives,"Great. Thank you very much. The next question is, what is Tesla doing to alleviate long wait times at service centers?"
"Tesla, Inc.",27444752,3334878,2024-10-23,"Tesla, Inc., Q3 2024 Earnings Call, Oct 23, 2024",15,117192715,4,Answer,Unknown Executive,Executives,"So we aim on solving problems at the source, so at the factory, before they can even affect our customers. We believe the best service is no service."
"Tesla, Inc.",27444752,3334878,2024-10-23,"Tesla, Inc., Q3 2024 Earnings Call, Oct 23, 2024",16,117192716,4,Answer,Elon Musk,Executives,The car doesn't break. That's the best thing.
"Tesla, Inc.",27444752,3334878,2024-10-23,"Tesla, Inc., Q3 2024 Earnings Call, Oct 23, 2024",17,117192717,4,Answer,Unknown Executive,Executives,"I don't see anyone with a test. You either fix the issue upstream or do it remotely, do it through software, maybe at work or at home, in a car, and we've addressed and fixed the issue and we've partnered the field with service to make sure we're looking at the same issues. And additionally, just in Q3 and Q4 of this year alone, we have opened and will open in total of nearly 70 locations. And in North America, we significantly expanded the size of each location and have doubled the size last year compared to this year."
"Tesla, Inc.",27444752,3334878,2024-10-23,"Tesla, Inc., Q3 2024 Earnings Call, Oct 23, 2024",18,117192718,4,Answer,Elon Musk,Executives,"Yes. I think there's like actually a lot of merit to having large service centers because you can have specialization of labor. You can start your approach. Yes, it should be more factory-like where you can have dedicated lanes for particular types of service. And it's way easier for somebody to become expert in a few different types of repairs than in every repair."
"Tesla, Inc.",27444752,3334878,2024-10-23,"Tesla, Inc., Q3 2024 Earnings Call, Oct 23, 2024",19,117192719,4,Answer,Unknown Executive,Executives,"Exactly. This has helped us with the base of these heavy repairs, like, plugging up a lane. They have dedicated lanes for different type of repairs. And so it's throughput largely, treating it like a factory."
"Tesla, Inc.",27444752,3334878,2024-10-23,"Tesla, Inc., Q3 2024 Earnings Call, Oct 23, 2024",20,117192720,4,Answer,Elon Musk,Executives,"Yes. This is where a Tesla structure -- I think Tesla has a structural advantage relative to the rest of the auto industry because we make the cars and we service the cars. Whereas I think there's a bit of a conflict of interest with the dealer model, the traditional OEM and dealer model, where the dealerships make most of their money on service. And so they obviously aren't incented to reduce the servicing cost whereas, in our case, we are incented to reduce the servicing cost because we carry that servicing cost. And we've got a good feedback with our cars."
"Tesla, Inc.",27444752,3334878,2024-10-23,"Tesla, Inc., Q3 2024 Earnings Call, Oct 23, 2024",21,117192721,4,Answer,Unknown Executive,Executives,"I think with the factory, the service leaders together who send people from the factories to the field and field to the factory see it firsthand, provide suggestions for manufacturing as well as for engineering on design."
"Tesla, Inc.",27444752,3334878,2024-10-23,"Tesla, Inc., Q3 2024 Earnings Call, Oct 23, 2024",22,117192722,4,Answer,Elon Musk,Executives,Yes. So I view this as a fundamental structural advantage of Tesla versus the rest of the auto industry.
"Tesla, Inc.",27444752,3334878,2024-10-23,"Tesla, Inc., Q3 2024 Earnings Call, Oct 23, 2024",23,117192723,4,Answer,David Lau,Executives,"We also do a bunch of work on the software side not only to automate diagnostics, so identifying what needs to be done to a car before it comes into service, but also automating all of the preparation work and aligning all the resources that are necessary in order for the car to be very efficiently worked on once it arrives. So the parts are there, like the lift is scheduled, the technician schedule."
"Tesla, Inc.",27444752,3334878,2024-10-23,"Tesla, Inc., Q3 2024 Earnings Call, Oct 23, 2024",24,117192724,4,Answer,Elon Musk,Executives,Yes. Like the car will tell you this is what's wrong with me and tells the service center.
"Tesla, Inc.",27444752,3334878,2024-10-23,"Tesla, Inc., Q3 2024 Earnings Call, Oct 23, 2024",25,117192725,4,Answer,Travis Axelrod,Executives,Get everything ready in a minute.
"Tesla, Inc.",27444752,3334878,2024-10-23,"Tesla, Inc., Q3 2024 Earnings Call, Oct 23, 2024",26,117192726,4,Answer,Elon Musk,Executives,Please fix me and this is what's wrong.
"Tesla, Inc.",27444752,3334878,2024-10-23,"Tesla, Inc., Q3 2024 Earnings Call, Oct 23, 2024",27,117192727,4,Answer,Unknown Executive,Executives,"Instead of a customer trying to translate, the car is telling us directly, and we're pulling that."
"Tesla, Inc.",27444752,3334878,2024-10-23,"Tesla, Inc., Q3 2024 Earnings Call, Oct 23, 2024",28,117192728,4,Answer,Elon Musk,Executives,"Yes, most the time, you don't need to diagnose the car when it arrives. This is like, again, a fundamental technology advantage and structural advantage compared to the rest of the auto industry."
"Tesla, Inc.",27444752,3334878,2024-10-23,"Tesla, Inc., Q3 2024 Earnings Call, Oct 23, 2024",29,117192729,4,Answer,Vaibhav Taneja,Executives,"I think it's underappreciated as to what all we are able to do. Because like I said before, most of our cars, except for Cybertruck, look the same, right? So people don't realize that it has so much capability."
"Tesla, Inc.",27444752,3334878,2024-10-23,"Tesla, Inc., Q3 2024 Earnings Call, Oct 23, 2024",30,117192730,4,Answer,Elon Musk,Executives,Yes. Better than other cars. But they're not like obviously super futuristic.
"Tesla, Inc.",27444752,3334878,2024-10-23,"Tesla, Inc., Q3 2024 Earnings Call, Oct 23, 2024",31,117192731,4,Answer,Travis Axelrod,Executives,"Great. Thanks very much. The next question is, please provide an update on the semi. What will the next stage growth look like and when will FSD be ready?"
"Tesla, Inc.",27444752,3334878,2024-10-23,"Tesla, Inc., Q3 2024 Earnings Call, Oct 23, 2024",32,117192732,4,Answer,Lars Moravy,Executives,"Sure. We posted an earnings deck. We're progressing something on the build of the semi factory in our gigafactory in Reno. We've released all our major capital expenditures for that program, and we're on track to start pilot builds in the second half of next year, with production starting in the first half of 2026 and ramping really throughout the year to full production. Semi growth will largely depend on our customers' adoption of the product."
"Tesla, Inc.",27444752,3334878,2024-10-23,"Tesla, Inc., Q3 2024 Earnings Call, Oct 23, 2024",33,117192733,4,Answer,Elon Musk,Executives,"Well, I don't think we're going to be limited, honestly."
"Tesla, Inc.",27444752,3334878,2024-10-23,"Tesla, Inc., Q3 2024 Earnings Call, Oct 23, 2024",34,117192734,4,Answer,Lars Moravy,Executives,"Yes, which is like a no-brainer for the semi because it's really a commodity of total cost of ownership."
"Tesla, Inc.",27444752,3334878,2024-10-23,"Tesla, Inc., Q3 2024 Earnings Call, Oct 23, 2024",35,117192735,4,Answer,Elon Musk,Executives,Yes. Exactly. We have kind of ridiculous demand for the semi.
"Tesla, Inc.",27444752,3334878,2024-10-23,"Tesla, Inc., Q3 2024 Earnings Call, Oct 23, 2024",36,117192736,4,Answer,Lars Moravy,Executives,"In that world where it's about how much do I spend to [ lower ] cost per mile, it's a no-brainer."
"Tesla, Inc.",27444752,3334878,2024-10-23,"Tesla, Inc., Q3 2024 Earnings Call, Oct 23, 2024",37,117192737,4,Answer,Elon Musk,Executives,"Yes. Fundamentally, if you've got a semi, the fully considered cost per mile per ton of transport is better than, say, a diesel truck. Any company that doesn't adopt an electric semi will lose. It's not a subjective thing."
"Tesla, Inc.",27444752,3334878,2024-10-23,"Tesla, Inc., Q3 2024 Earnings Call, Oct 23, 2024",38,117192738,4,Answer,David Lau,Executives,It's competitive.
"Tesla, Inc.",27444752,3334878,2024-10-23,"Tesla, Inc., Q3 2024 Earnings Call, Oct 23, 2024",39,117192739,4,Answer,Elon Musk,Executives,"We want the stat and we want to have a beautiful semi truck. But frankly, if we made an ugly semi truck, would it matter?"
"Tesla, Inc.",27444752,3334878,2024-10-23,"Tesla, Inc., Q3 2024 Earnings Call, Oct 23, 2024",40,117192740,4,Answer,Lars Moravy,Executives,"And this is proving so in our fleets and in Pepsi as a partner. In fact, Pepsi actually said last week that their drivers don't want to go back."
"Tesla, Inc.",27444752,3334878,2024-10-23,"Tesla, Inc., Q3 2024 Earnings Call, Oct 23, 2024",41,117192741,4,Answer,Elon Musk,Executives,"As soon as we give anyone the electric semi, that's like the choice."
"Tesla, Inc.",27444752,3334878,2024-10-23,"Tesla, Inc., Q3 2024 Earnings Call, Oct 23, 2024",42,117192742,4,Answer,Lars Moravy,Executives,It's what they want to drive.
"Tesla, Inc.",27444752,3334878,2024-10-23,"Tesla, Inc., Q3 2024 Earnings Call, Oct 23, 2024",43,117192743,4,Answer,Elon Musk,Executives,"Yes. So the most senior, their top drivers, well, they get to drive a Tesla semi. It's the thing they want to drive. It's super fun to drive."
"Tesla, Inc.",27444752,3334878,2024-10-23,"Tesla, Inc., Q3 2024 Earnings Call, Oct 23, 2024",44,117192744,4,Answer,Lars Moravy,Executives,It's also very easy to drive.
"Tesla, Inc.",27444752,3334878,2024-10-23,"Tesla, Inc., Q3 2024 Earnings Call, Oct 23, 2024",45,117192745,4,Answer,Elon Musk,Executives,It's easy to drive and it hauls a**. And it's like fast.
"Tesla, Inc.",27444752,3334878,2024-10-23,"Tesla, Inc., Q3 2024 Earnings Call, Oct 23, 2024",46,117192746,4,Answer,Lars Moravy,Executives,"Superfast, maybe too fast."
"Tesla, Inc.",27444752,3334878,2024-10-23,"Tesla, Inc., Q3 2024 Earnings Call, Oct 23, 2024",47,117192747,4,Answer,Elon Musk,Executives,"You've seen like the videos of these electric semis, like they can go uphill, speeding past like the diesel truck."
"Tesla, Inc.",27444752,3334878,2024-10-23,"Tesla, Inc., Q3 2024 Earnings Call, Oct 23, 2024",48,117192748,4,Answer,Lars Moravy,Executives,They're racing cars.
"Tesla, Inc.",27444752,3334878,2024-10-23,"Tesla, Inc., Q3 2024 Earnings Call, Oct 23, 2024",49,117192749,4,Answer,Elon Musk,Executives,"Yes, and cars. So like it's responsive. You floor it and the truck actually moves."
"Tesla, Inc.",27444752,3334878,2024-10-23,"Tesla, Inc., Q3 2024 Earnings Call, Oct 23, 2024",50,117192750,4,Answer,Lars Moravy,Executives,"And that's a benefit not only for the driver and for the goods but also for safety in terms of other drivers on the road. You don't get stuck behind the semi. You're not like in a slowdown situation in an on-ramp. I mean how that plays into FSD, which is the second part of the question, all of the semis have been -- a couple of hundred we've deployed already. And the ones that we'll be building next year and throughout the future have all of the hardware and the cameras necessary to deploy FSD. And we're currently training with the small fleet that we have. And as soon as the fleet is trained and the neural nets are up, we'll get FSD onto that platform."
"Tesla, Inc.",27444752,3334878,2024-10-23,"Tesla, Inc., Q3 2024 Earnings Call, Oct 23, 2024",51,117192751,4,Answer,Elon Musk,Executives,Yes. I mean it would be a massive improvement in driver fatigue and driver safety. We've got sort of the anti-jackknifing software. You don't have to worry about your brakes overheating if you go down a steep hill because that energy goes back into the pack. It's like radically better than a diesel semi. It's why the drivers love it.
"Tesla, Inc.",27444752,3334878,2024-10-23,"Tesla, Inc., Q3 2024 Earnings Call, Oct 23, 2024",52,117192752,4,Answer,Travis Axelrod,Executives,Great. Thank you very much. Our next question is when will Tesla incorporate X and Grok in all the Tesla vehicles?
"Tesla, Inc.",27444752,3334878,2024-10-23,"Tesla, Inc., Q3 2024 Earnings Call, Oct 23, 2024",53,117192753,4,Answer,Elon Musk,Executives,"I mean these are relatively small fry things. But yes, I think we'll keep expanding what is available in the car, on the screen and also improving like the browser. So like just generally, you can access anything you want in the car. In fact, for the Tesla, once you get to full autonomy, you actually want fully a system that can do anything. Like, if you want to browse the Internet, if you want to ask AI questions, if you want to watch a movie, if you want to play a video game, if you wanted to do some productivity thing, you can do anything you want in an autonomous vehicle because you don't need to drive. So that's why the Cybercab's got a nice big screen and a great sound system. So you can watch a great movie with it. It's like being in a personal movie theater. It's awesome."
"Tesla, Inc.",27444752,3334878,2024-10-23,"Tesla, Inc., Q3 2024 Earnings Call, Oct 23, 2024",54,117192754,4,Answer,David Lau,Executives,"Yes. This is why we've been building this functionality, adding gaming to the car, adding movies and other all sorts of different media applications to the car because that's what you're going to -- that's, yes, the cars that will be built today."
"Tesla, Inc.",27444752,3334878,2024-10-23,"Tesla, Inc., Q3 2024 Earnings Call, Oct 23, 2024",55,117192755,4,Answer,Elon Musk,Executives,"Those are really fun games, by the way. People haven't tried it. There's like Castle Doombad and Polytopia and a bunch of really fun games in the car."
"Tesla, Inc.",27444752,3334878,2024-10-23,"Tesla, Inc., Q3 2024 Earnings Call, Oct 23, 2024",56,117192756,4,Answer,David Lau,Executives,We're constantly looking at what features to add next and we're paying attention to what's most commonly requested by our customers.
"Tesla, Inc.",27444752,3334878,2024-10-23,"Tesla, Inc., Q3 2024 Earnings Call, Oct 23, 2024",57,117192757,4,Answer,Elon Musk,Executives,Yes. I think Castle Doombad.
"Tesla, Inc.",27444752,3334878,2024-10-23,"Tesla, Inc., Q3 2024 Earnings Call, Oct 23, 2024",58,117192758,4,Answer,Travis Axelrod,Executives,"Great. Thank you guys very much. The next question is, Elon mentioned unsupervised FSD in California and Texas next year. Does that mean regulators have agreed to it in the entire state for existing Hardware 3 and 4 vehicles?"
"Tesla, Inc.",27444752,3334878,2024-10-23,"Tesla, Inc., Q3 2024 Earnings Call, Oct 23, 2024",59,117192759,4,Answer,Elon Musk,Executives,"As I said earlier, California loves regulation."
"Tesla, Inc.",27444752,3334878,2024-10-23,"Tesla, Inc., Q3 2024 Earnings Call, Oct 23, 2024",60,117192760,4,Answer,Lars Moravy,Executives,But they have a pathway.
"Tesla, Inc.",27444752,3334878,2024-10-23,"Tesla, Inc., Q3 2024 Earnings Call, Oct 23, 2024",61,117192761,4,Answer,Elon Musk,Executives,"Yes. I mean, there's a pathway. Obviously, Waymo operates in California, so there's just a lot of [ forms, spot ] and a lot of approvals that are required. I mean I'd be shocked if we don't get approved next year, but it's just not something we totally control. But I think we will get approval next year in California and Texas. And towards the end of the year, we'll branch out beyond California and Texas."
"Tesla, Inc.",27444752,3334878,2024-10-23,"Tesla, Inc., Q3 2024 Earnings Call, Oct 23, 2024",62,117192762,4,Answer,Lars Moravy,Executives,"I mean I think it's important to reiterate this, like certifying a vehicle at the federal level in the U.S. is done by meeting FMVSS regulations. All our vehicles today that are produced, that are autonomous, are capable to meet all those regulations, the Cybercab and [ vehicle ] regulations. And so the deployment of the vehicle to the road is not a limitation but is a limitation, as what you said, at the state level where they control autonomous vehicle deployment. Some states are relatively easy, as you mentioned, for Texas. And other ones have pathways like California that may take a little longer. The other ones hadn't set up anything yet. And so we will work on those state by state."
"Tesla, Inc.",27444752,3334878,2024-10-23,"Tesla, Inc., Q3 2024 Earnings Call, Oct 23, 2024",63,117192763,4,Answer,Elon Musk,Executives,I do think we should have a federal -- like autonomous vehicles should be approved. It should be possible to do.
"Tesla, Inc.",27444752,3334878,2024-10-23,"Tesla, Inc., Q3 2024 Earnings Call, Oct 23, 2024",64,117192764,4,Answer,Lars Moravy,Executives,"Congress, if you're listening, let's get the federal AV then."
"Tesla, Inc.",27444752,3334878,2024-10-23,"Tesla, Inc., Q3 2024 Earnings Call, Oct 23, 2024",65,117192765,4,Answer,Elon Musk,Executives,"There should be a federal approval process for autonomous vehicles. I mean, that's how the FMVSS has started. It's Federal Motor Vehicle. FMVSS is federal."
"Tesla, Inc.",27444752,3334878,2024-10-23,"Tesla, Inc., Q3 2024 Earnings Call, Oct 23, 2024",66,117192766,4,Answer,Unknown Executive,Executives,"Yes. So I mean in 2017 and '18 was when the regulators started looking at it. It's really kind of stalled since then, but we would appreciate and would support helping out with those regulations."
"Tesla, Inc.",27444752,3334878,2024-10-23,"Tesla, Inc., Q3 2024 Earnings Call, Oct 23, 2024",67,117192767,4,Answer,Elon Musk,Executives,"It really needs to be like a national approval. It's important. If there's a department of government efficiency, I'll try to help make that moving. I'd do it for every one, not just Tesla. Like some things in the U.S. are state-by-state regulated like, for example, insurance. Like, it's incredibly painful to do it state by state for 50 states. And I think there should be a national approval process for autonomy."
"Tesla, Inc.",27444752,3334878,2024-10-23,"Tesla, Inc., Q3 2024 Earnings Call, Oct 23, 2024",68,117192768,4,Answer,Travis Axelrod,Executives,"Great. Thanks, guys. The next question is, what is the plan for 2025?"
"Tesla, Inc.",27444752,3334878,2024-10-23,"Tesla, Inc., Q3 2024 Earnings Call, Oct 23, 2024",69,117192769,4,Answer,Vaibhav Taneja,Executives,"I mean, basically, we talked through this. There's a lot going on. Elon already mentioned that we're working on cheaper models to come out. I mean there's work which the team is doing to get the factories ready today to try and make that happen."
"Tesla, Inc.",27444752,3334878,2024-10-23,"Tesla, Inc., Q3 2024 Earnings Call, Oct 23, 2024",70,117192770,4,Answer,Elon Musk,Executives,"Yes. The amount of work required to make a lower-cost car is insanely high. But like it is harder to get like 20% of the cost out of a car than it is to design the car and build the entire factory in the first place. It's like excruciating. And there's not a lot of movies made about the heroes who got 20% of the cost out of a car. But let me tell you, there should be because everything about that is incredibly heroic."
"Tesla, Inc.",27444752,3334878,2024-10-23,"Tesla, Inc., Q3 2024 Earnings Call, Oct 23, 2024",71,117192771,4,Answer,Unknown Executive,Executives,It's the little changes.
"Tesla, Inc.",27444752,3334878,2024-10-23,"Tesla, Inc., Q3 2024 Earnings Call, Oct 23, 2024",72,117192772,4,Answer,Elon Musk,Executives,"Yes. The heroes who got 20% of the cost out of the cars, like, damn, I have all the respect for them. Make a movie. I think you probably could make a compelling movie. If people actually saw how hard it was to do that, they'd be like, ""Whoa, that's damn hard."""
"Tesla, Inc.",27444752,3334878,2024-10-23,"Tesla, Inc., Q3 2024 Earnings Call, Oct 23, 2024",73,117192773,4,Answer,Unknown Executive,Executives,"Just yesterday, we were talking about podding."
"Tesla, Inc.",27444752,3334878,2024-10-23,"Tesla, Inc., Q3 2024 Earnings Call, Oct 23, 2024",74,117192774,4,Answer,Elon Musk,Executives,"Honestly, literally, yes. I mean I do call it sort of like getting cost out of things is kind of like a game of pennies. It's like Game of Thrones but pennies. First approximation, if you've got 10,000 items in a car, very rough approximation, and each of them cost $4, then you have a $40,000 car. So if you want to make a $35,000 car, you got to get $0.50 on average out of the 10,000 items."
"Tesla, Inc.",27444752,3334878,2024-10-23,"Tesla, Inc., Q3 2024 Earnings Call, Oct 23, 2024",75,117192775,4,Answer,Unknown Executive,Executives,On every part.
"Tesla, Inc.",27444752,3334878,2024-10-23,"Tesla, Inc., Q3 2024 Earnings Call, Oct 23, 2024",76,117192776,4,Answer,Elon Musk,Executives,"Yes. And then obviously, the best is you delete some parts. In fact, we found we're able to delete a lot of parts. I'm very excited about the Cybercab design and how we're rethinking the design of a car for the Cybercab, designing it while also have volume production, and then design a machine that builds machine that I think is also revolutionary. There's no other car company that's even trying to do what we're doing, like I haven't even heard of it, actually. In fact, I'm certain there isn't one. Like I think our new machine that builds the machine, it's inherent, it's designed to be like 5x better than a traditional factory, like in the cycle time."
"Tesla, Inc.",27444752,3334878,2024-10-23,"Tesla, Inc., Q3 2024 Earnings Call, Oct 23, 2024",77,117192777,4,Answer,Unknown Executive,Executives,"The cycle time and like part deletion, which I don't think any other car company has the same level of like integration of thought that we have when it comes to like when you design a part from a white sheet of paper, who's going to make it? Where is it going to be made? How is it going to be shipped? How is it going to be assembled into the vehicle? At any one point, if something is done in the silo, it becomes a bottleneck of either cost or time or efficiency. But with the robotaxi development, like we've done a good job on combining all that and then like blowing up how it's made and saying it should be made this way and rethinking it all, so it's the most efficient factory possible. It will show in our CapEx efficiency when we deploy. It shows in the number of parts. It shows in the simplicity of vehicle, but also how it performs in terms of like end user state."
"Tesla, Inc.",27444752,3334878,2024-10-23,"Tesla, Inc., Q3 2024 Earnings Call, Oct 23, 2024",78,117192778,4,Answer,Vaibhav Taneja,Executives,"Just to close out, just on the energy front also in '25, we will have started manufacturing out of the megafactory in Shanghai. We'll continue to increase our overall storage deployments with Powerwall 3. We plan to continue expanding our supercharging network, getting more OEMs on our network. 4680 cell ramp, as Elon talked about, that would keep going. And then also we'll have our lithium refinery starting to produce. So there's a lot which is going on."
"Tesla, Inc.",27444752,3334878,2024-10-23,"Tesla, Inc., Q3 2024 Earnings Call, Oct 23, 2024",79,117192779,4,Answer,Elon Musk,Executives,"Yes, so many things. The crazy thing is like Tesla is winning basically on almost every single thing we're doing. If we're not running now, we're on track to win. In arenas where there are entire large companies, that's the only thing they do."
"Tesla, Inc.",27444752,3334878,2024-10-23,"Tesla, Inc., Q3 2024 Earnings Call, Oct 23, 2024",80,117192780,4,Answer,Vaibhav Taneja,Executives,Yes. There are multiple companies within the company.
"Tesla, Inc.",27444752,3334878,2024-10-23,"Tesla, Inc., Q3 2024 Earnings Call, Oct 23, 2024",81,117192781,4,Answer,Elon Musk,Executives,Yes. Tesla's like many companies in one.
"Tesla, Inc.",27444752,3334878,2024-10-23,"Tesla, Inc., Q3 2024 Earnings Call, Oct 23, 2024",82,117192782,4,Answer,Travis Axelrod,Executives,"Fantastic. Thank you, guys. Just a few more, what is going on with the Tesla Roadster?"
"Tesla, Inc.",27444752,3334878,2024-10-23,"Tesla, Inc., Q3 2024 Earnings Call, Oct 23, 2024",83,117192783,4,Answer,Elon Musk,Executives,"Well, I'd just like to thank our long-suffering deposit holders of the Tesla Roadster. The reason it hasn't come out yet is because the Roadster is not just icing on the cake, it's the cherry on the icing on the cake. And so our larger mission is to accelerate the progress towards a sustainable energy future, trying to do things that maximize the probability that the future is good for humanity and for Earth. And so that necessarily means that things like that are deserved. We'd all love to work on the Tesla next-gen Roadster, too, it is super fun, and we are working on it. But it has to come behind more things that have a more serious impact on the good of the world. \"
"Tesla, Inc.",27444752,3334878,2024-10-23,"Tesla, Inc., Q3 2024 Earnings Call, Oct 23, 2024",84,117192784,4,Answer,Unknown Executive,Executives,More to come.
"Tesla, Inc.",27444752,3334878,2024-10-23,"Tesla, Inc., Q3 2024 Earnings Call, Oct 23, 2024",85,117192786,4,Answer,Travis Axelrod,Executives,"Great. Thank you very much. The next one is quite similar to other questions we've had. So I'm going to combine it with the final question. So briefly, could you just detail how robotaxi will roll out? Will it start with a Tesla deployed fleet and then allow customers to add theirs on the subscription model? And then will Hardware 3 be capable of Level 5?"
"Tesla, Inc.",27444752,3334878,2024-10-23,"Tesla, Inc., Q3 2024 Earnings Call, Oct 23, 2024",86,117192787,4,Answer,Ashok Elluswamy,Executives,"Regarding the Hardware 3, what we saw with Level 5 was it was easier to make progress starting with Hardware 4 and figuring out the solution and back-porting it to Hardware 3 instead of directly working on Hardware 3 given that Hardware 4 has more like fundamental hardware capabilities. I think that trend will continue into the next few quarters as well where we first figure out the solution rapidly with AI4 and then back-port it, write the kernels, and it just takes longer to develop those things because it's not fundamentally supported in the hardware and it's emulated. But yes, it's initially working on Hardware 4, back-porting it to Hardware 3."
"Tesla, Inc.",27444752,3334878,2024-10-23,"Tesla, Inc., Q3 2024 Earnings Call, Oct 23, 2024",87,117192788,4,Answer,Elon Musk,Executives,"Yes. So I guess the answer is we're not 100% sure, but as Ashok mentioned, because by some measure hardware 4 has really several times the capability of Hardware 3, it's easier to get things to work with Hardware 4 and then it takes a lot of effort to sort of squeeze that functionality into Hardware 3. And there is some chance that Hardware 3 does not achieve the safety level that allows for unsupervised FSD. There is some chance of that. And if that turns out to be the case, we will upgrade those who have bought Hardware 3 FSD for free. And we have designed the system to be upgradeable, so it's really just sort of switch out the computer type of thing. The cameras, they're capable. But we don't actually know the answer to that. But if it does turn out, we'll make sure we take care of those who have bought FSD on Hardware 3."
"Tesla, Inc.",27444752,3334878,2024-10-23,"Tesla, Inc., Q3 2024 Earnings Call, Oct 23, 2024",88,117192789,4,Answer,Travis Axelrod,Executives,"Great. And in the last few minutes that we have left, we will try to get in some analyst questions. The first question will be coming from Pierre Ferragu at New Street."
"Tesla, Inc.",27444752,3334878,2024-10-23,"Tesla, Inc., Q3 2024 Earnings Call, Oct 23, 2024",89,117192790,3,Question,Pierre Ferragu,Analysts,"I was wondering about like the compute you're ramping up. So you gave like interesting statistics on how much you have and you said you don't feel you're compute constrained. And I was wondering how you are putting to work this additional compute. Is that a game for you of creating like larger and larger models, like next-generation of models that are larger the way OpenAI go from GPT-3 to GPT-4? Or is that more like you're set on your model and you need to throw more and more compute to accelerate the pace of learning to improve reliability?\"
"Tesla, Inc.",27444752,3334878,2024-10-23,"Tesla, Inc., Q3 2024 Earnings Call, Oct 23, 2024",90,117192791,4,Answer,Elon Musk,Executives,"Okay. Well, I guess I'll answer the first part of the question, the nature of real-world AI is different from, say, LLM in that you have a massive amount of context. So like you've got a case of Tesla 7 or 8 cameras, up to 9 if you include the internal camera, so you've got gigabytes of context. And that is then distilled down into a small number of control outputs, whereas it's like very rare to have. In fact, I'm not sure any LLM out there can do gigabytes of context. And then you've got to then process that in the car with a very small amount of compute power. So it's all doable and it's happening, but it is a different problem than what, say, a Gemini or OpenAI is doing. \"
"Tesla, Inc.",27444752,3334878,2024-10-23,"Tesla, Inc., Q3 2024 Earnings Call, Oct 23, 2024",91,117192792,4,Answer,Ashok Elluswamy,Executives,"Like you mentioned, the training helps both train large models, also train quicker. But in the end, we still got to pick which models are performing better. So the validation effort to picking the models because the miles per intervention is pretty large, we had to drive a lot of miles and go in closed loop. We do have simulation and other ways to get those metrics. Those do help. But in the end, that's a big bottleneck. That's why we're not training compute constraint alone. And there's other access of scaling as well, which is the data, figuring out which data is more useful. That is an important aspect and we're focusing on that."
"Tesla, Inc.",27444752,3334878,2024-10-23,"Tesla, Inc., Q3 2024 Earnings Call, Oct 23, 2024",92,117192793,4,Answer,Lars Moravy,Executives,"Yes. So as it relates to the second part of your question, Pierre, about safety drivers and rolling it out, each state has different requirements in terms of how many miles and how much time you need to have a safety driver and not have a safety driver. We're going to follow all those. We're not going to violate whatever regulations are out there with safety as a priority. But the goal is obviously that when we're ready and safety is there, we'll remove all the drivers from the ride-share."
"Tesla, Inc.",27444752,3334878,2024-10-23,"Tesla, Inc., Q3 2024 Earnings Call, Oct 23, 2024",93,117192794,4,Answer,Elon Musk,Executives,"Yes. I mean, I guess like we think that we'll be able to have driverless Teslas during paid rides next year, sometime next year."
"Tesla, Inc.",27444752,3334878,2024-10-23,"Tesla, Inc., Q3 2024 Earnings Call, Oct 23, 2024",94,117192795,4,Answer,Travis Axelrod,Executives,Thank you. And our next question comes from Adam Jonas at Morgan Stanley.
"Tesla, Inc.",27444752,3334878,2024-10-23,"Tesla, Inc., Q3 2024 Earnings Call, Oct 23, 2024",95,117192796,3,Question,Adam Jonas,Analysts,"I just had a question about the relationship between Tesla and xAI. Many investors are still not clear how the work at xAI is truly beneficial to Tesla. Some even take the view that the 2 companies may even be in competition with each other in terms of talent and tech and even your time, Elon. So what's your message to investors on that relationship between Tesla and xAI? And where do you see it going over time?"
"Tesla, Inc.",27444752,3334878,2024-10-23,"Tesla, Inc., Q3 2024 Earnings Call, Oct 23, 2024",96,117192797,4,Answer,Elon Musk,Executives,"Well, I should say that xAI has been helpful to Tesla AI quite a few times in terms of things like scaling up, bot it, like training, just even like recently, in the last week or so, improvements in training where, if you're doing a big training on one and it fails, being able to continue training and easy to recover from a training one. xAI has been pretty helpful. But there are different problems. xAI is working on artificial general intelligence or artificial super intelligence. Tesla is trying to make autonomous cars and autonomous robots. They're different problems."
"Tesla, Inc.",27444752,3334878,2024-10-23,"Tesla, Inc., Q3 2024 Earnings Call, Oct 23, 2024",97,117192798,4,Answer,Vaibhav Taneja,Executives,"I think we've said this before also, like not all AI is equal, right? I mean AI is a broad spectrum. And we have our own swim lanes. Yes, there are certain things which we can collaborate on if needed, but for the most part, we're solving different issues."
"Tesla, Inc.",27444752,3334878,2024-10-23,"Tesla, Inc., Q3 2024 Earnings Call, Oct 23, 2024",98,117192799,4,Answer,Elon Musk,Executives,"Yes. Tesla is focused on real-world data. And as I was saying earlier, it is quite a bit different from LLM because you have massive context in the form of video and some amount of audio that's going to be installed with extremely efficient inference compute. I do think Tesla is the most efficient in the world in terms of inference compute. Because of necessity, we have to be very good at efficient inference. We can't put 10 kilowatts of GPUs in a car. We've got a couple of hundred watts. And it's a pretty well-designed Tesla AI chip, but it's still a couple of hundred watts. \"
"Tesla, Inc.",27444752,3334878,2024-10-23,"Tesla, Inc., Q3 2024 Earnings Call, Oct 23, 2024",99,117192800,4,Answer,Travis Axelrod,Executives,"Great. Thank you, Elon. And I think that's, unfortunately, all the time that we have for today. We appreciate all your questions. And we look forward to hearing from you next quarter. Thank you very much, and goodbye."
NVIDIA Corporation,32307,3032325,2024-02-21,"NVIDIA Corporation, Q4 2024 Earnings Call, Feb 21, 2024",1,110688419,3,Question,Toshiya Hari,Analysts,"Congratulations on the really strong results. My question is for Jensen on the data center business. Clearly, you're doing extremely well in the business. I'm curious how your expectations for calendar '24 and '25 have evolved over the past 90 days. And as you answer the question, I was hoping you can touch on some of the newer buckets within Data Center, things like software. Sovereign AI, I think you've been pretty vocal about how to think about that medium to long term. And recently, there was an article about NVIDIA potentially participating in the ASIC market. Is there any credence to that? And if so, how should we think about you guys playing in that market over the next several years?"
NVIDIA Corporation,32307,3032325,2024-02-21,"NVIDIA Corporation, Q4 2024 Earnings Call, Feb 21, 2024",2,110688420,4,Answer,Jensen Huang,Executives,"Thanks, Toshiya. Let's see. There were 3 questions. One more time? First question was..."
NVIDIA Corporation,32307,3032325,2024-02-21,"NVIDIA Corporation, Q4 2024 Earnings Call, Feb 21, 2024",3,110688421,4,Answer,Colette Kress,Executives,OpenAI.
NVIDIA Corporation,32307,3032325,2024-02-21,"NVIDIA Corporation, Q4 2024 Earnings Call, Feb 21, 2024",4,110688422,3,Question,Toshiya Hari,Analysts,"I guess your expectations for data center, how they've evolved."
NVIDIA Corporation,32307,3032325,2024-02-21,"NVIDIA Corporation, Q4 2024 Earnings Call, Feb 21, 2024",5,110688423,4,Answer,Jensen Huang,Executives,"Okay, yes. Well, you know we guide 1 quarter at a time. But fundamentally, the conditions are excellent for continued growth, calendar '24 to calendar '25 and beyond, and let me tell you why. We're at the beginning of 2 industry-wide transitions, and both of them are industry-wide. The first one is a transition from general to accelerated computing. General purpose computing, as you know, is starting to run out of steam. And you could tell by the CSPs extending and many data centers, including our own for general purpose computing, extending the depreciation from 4 to 6 years. There's just no reason to update with more GPUs when you can't fundamentally and dramatically enhance its throughput like you used to.\"
NVIDIA Corporation,32307,3032325,2024-02-21,"NVIDIA Corporation, Q4 2024 Earnings Call, Feb 21, 2024",6,110688425,3,Question,Joseph Moore,Analysts,"I wanted to follow up on the 40% of revenues coming from inference. It's a bigger number than I expected. Can you give us some sense of where that number was maybe the year before, how much you're seeing growth around LLMs from inference? And how are you measuring that? Is that -- I assume it's, in some cases, the same GPUs you use for training and inference. How solid is that measurement?"
NVIDIA Corporation,32307,3032325,2024-02-21,"NVIDIA Corporation, Q4 2024 Earnings Call, Feb 21, 2024",7,110688426,4,Answer,Jensen Huang,Executives,"I'll go backwards. The estimate is probably understated and -- but we estimated it, and let me tell you why. Whenever -- a year ago, a year ago, the recommender systems that people are -- when you run the Internet, the news, the videos, the music, the products that are being recommended to you because, as you know, the Internet has trillions -- I don't know how many trillions, but trillions of things out there, and your phone is 3 inches squared. And so the ability for them to fit all of that information down to something such a small real estate is through a system, an amazing system called recommender systems.\"
NVIDIA Corporation,32307,3032325,2024-02-21,"NVIDIA Corporation, Q4 2024 Earnings Call, Feb 21, 2024",8,110688428,3,Question,Stacy Rasgon,Analysts,"I wanted to -- Colette, I wanted to touch on your comments that you expected the next generation of products, so that black well to be supply constrained. Can you dig into that a little bit? What is the driver of that? Why does that get constrained as Hopper is easing up? And how long do you expect that to be constrained? Like do you expect the next generation to be constrained like all the way through calendar '25? Like when do those start to ease?"
NVIDIA Corporation,32307,3032325,2024-02-21,"NVIDIA Corporation, Q4 2024 Earnings Call, Feb 21, 2024",9,110688429,4,Answer,Jensen Huang,Executives,"Yes. The first thing is overall, our supply is improving. Overall, our supply chain is just doing an incredible job for us. Everything from, of course, the wafers, the packaging, the memories, all of the power regulators to transceivers and networking and cables, and you name it, the list of components that we ship. As you know, people think that NVIDIA GPUs is like a chip, but the NVIDIA Hopper GPU has 35,000 parts. It weighs 70 pounds. These things are really complicated things we've built. People call it an AI supercomputer for good reason.\"
NVIDIA Corporation,32307,3032325,2024-02-21,"NVIDIA Corporation, Q4 2024 Earnings Call, Feb 21, 2024",10,110688431,3,Question,Matthew Ramsay,Analysts,"Congrats on the results. I wanted to ask, I guess, a 2-part question, and it comes at what Stacy was getting at on your demand being significantly more than your supply even though supply is improving. And I guess the 2 sides of the question are, I guess, first for Colette, like how are you guys thinking about allocation of product in terms of customer readiness to deploy and sort of monitoring if there's any kind of buildup of product that might not yet be turned on?\"
NVIDIA Corporation,32307,3032325,2024-02-21,"NVIDIA Corporation, Q4 2024 Earnings Call, Feb 21, 2024",11,110688432,4,Answer,Colette Kress,Executives,"Let me first start with your question, thanks, about how we are working with our customers as they look into how they are building out their GPU instances and our allocation process. The folks that we work with, our customers that we work with have been partners with us for many years as we have been assisting them both in what they set up in the cloud as well as what they are setting up internally. Many of these providers have multiple products going at 1 time to serve so many different needs across their end customers but also what they need internally.\"
NVIDIA Corporation,32307,3032325,2024-02-21,"NVIDIA Corporation, Q4 2024 Earnings Call, Feb 21, 2024",12,110688433,4,Answer,Jensen Huang,Executives,"First, our CSPs have a very clear view of our product road map and transitions. And that transparency with our CSPs gives them the confidence of which products to place and where and when. And so they know the timing to the best of our ability, and they know quantities and, of course, allocation. We allocate fairly. We allocate fairly, do the best of our -- best we can to allocate fairly and to avoid allocating unnecessarily.\"
NVIDIA Corporation,32307,3032325,2024-02-21,"NVIDIA Corporation, Q4 2024 Earnings Call, Feb 21, 2024",13,110688435,3,Question,Timothy Arcuri,Analysts,"I wanted to ask about how you're converting backlog into revenue. Obviously, lead times for your products have come down quite a bit. Colette, you didn't talk about the inventory purchase commitments, but if I sort of add up your inventory plus the purchase commits and your prepaid supply, sort of the aggregate of your supply, it was actually down a touch. How should we read that? Is that just you saying that you don't need to take as much of a financial commitment to your suppliers because the lead times are lower? Or is that maybe you're reaching some sort of steady state where you're closer to filling your order book and your backlog?"
NVIDIA Corporation,32307,3032325,2024-02-21,"NVIDIA Corporation, Q4 2024 Earnings Call, Feb 21, 2024",14,110688436,4,Answer,Colette Kress,Executives,"Yes. So let me highlight on those 3 different areas of how we look at our suppliers. You're correct. Our inventory on hand, given our allocation that we're on, we're trying to, as things come into inventory, immediately work to ship them to our customers. I think our customer appreciates our ability to meet the schedules that we've looked for.\"
NVIDIA Corporation,32307,3032325,2024-02-21,"NVIDIA Corporation, Q4 2024 Earnings Call, Feb 21, 2024",15,110688438,3,Question,Benjamin Reitzes,Analysts,"Congratulations on the results. Colette, I wanted to talk about your comment regarding gross margins and that it should go back to the mid-70s, if you don't mind unpacking that. And also, is that due to the HBM content in the new products? And what do you think are the drivers of that comment?"
NVIDIA Corporation,32307,3032325,2024-02-21,"NVIDIA Corporation, Q4 2024 Earnings Call, Feb 21, 2024",16,110688439,4,Answer,Colette Kress,Executives,"Yes, thanks for the question. We highlighted in our opening remarks, really about our Q4 results and our outlook for Q1. Both of those quarters are unique. Those 2 quarters are unique in their gross margin as they include some benefit from favorable component cost in the supply chain kind of across both our compute and networking and also in several different stages of our manufacturing process. So looking forward, we have visibility into a mid-70s gross margin for the rest of the fiscal year, taking us back to where we were before this Q4 and Q1 peak that we've had here. So we're really looking at just a balance of our mix. Mix is always going to be our largest driver of what we will be shipping for the rest of the year and those are really just the drivers."
NVIDIA Corporation,32307,3032325,2024-02-21,"NVIDIA Corporation, Q4 2024 Earnings Call, Feb 21, 2024",17,110688441,3,Question,Christopher Muse,Analysts,"Bigger picture question for you, Jensen. When you think about the [ million X ] improvement in GPU compute over the last decade and expectations for similar improvements in the next, how do your customers think about the long-term usability of their NVIDIA investments that they're making today? Do today's training clusters become tomorrow's inference clusters? How do you see this playing out?"
NVIDIA Corporation,32307,3032325,2024-02-21,"NVIDIA Corporation, Q4 2024 Earnings Call, Feb 21, 2024",18,110688442,4,Answer,Jensen Huang,Executives,"C.J., thanks for the question. Yes, that's the really cool part. If you look at the reason why we're able to improve performance so much, it's because we have 2 characteristics about our platform. One is that it's accelerated, and two, it's programmable. It's not brittle. NVIDIA is the only architecture that has gone from the very, very beginning, literally at the very beginning when CNNs and Alex Krizhevsky and Ilya Sutskever and Geoff Hinton first revealed AlexNet, all the way through RNMs to LSTMs to every RLs to deep learning RLs to transformers to every single version and every species that have come along, vision transformers, multi-modality transformers that every single -- and now time sequence stuff.\"
NVIDIA Corporation,32307,3032325,2024-02-21,"NVIDIA Corporation, Q4 2024 Earnings Call, Feb 21, 2024",19,110688444,3,Question,Aaron Rakers,Analysts,"I wanted to ask about the China business. I know that in the prepared comments, you said that you started shipping some alternative solutions into China. You also pointed out that you expect that contribution to continue to be about a mid-single-digit percent of your total data center business. So I guess the question is, what is the extent of products that you're shipping today into the China market? And why should we not expect that maybe other alternative solutions come to the market and expand your breadth to participate in that opportunity again?"
NVIDIA Corporation,32307,3032325,2024-02-21,"NVIDIA Corporation, Q4 2024 Earnings Call, Feb 21, 2024",20,110688445,4,Answer,Jensen Huang,Executives,"At the core, remember, the U.S. government wants to limit the latest capabilities of NVIDIA's accelerated computing and AI to the Chinese market. And the U.S. government would like to see us be as successful in China as possible. Within those 2 constraints, within those 2 pillars, if you will, are the restrictions. And so we had to pause when the new restrictions came out. We immediately paused so that we understood what the restrictions are, reconfigured our products in a way that is not software hackable in any way. And that took some time. And so we reset our product offering to China, and now we're sampling to customers in China.\"
NVIDIA Corporation,32307,3032325,2024-02-21,"NVIDIA Corporation, Q4 2024 Earnings Call, Feb 21, 2024",21,110688447,3,Question,Harsh Kumar,Analysts,"First of all, congratulations on a stunning quarter and guide. I wanted to talk about -- a little bit about your software business, and it's pleasing to hear that it's over $1 billion. But I was hoping, Jensen or Colette, if you could just help us understand what the different parts and pieces are for the software business. In other words, just help us unpack it a little bit so we can get a better understanding of where that growth is coming from."
NVIDIA Corporation,32307,3032325,2024-02-21,"NVIDIA Corporation, Q4 2024 Earnings Call, Feb 21, 2024",22,110688448,4,Answer,Jensen Huang,Executives,"Let me take a step back and explain the fundamental reason why NVIDIA will be very successful in software. So first, as you know, accelerated computing really grew in the cloud. In the cloud, the cloud service providers have really large engineering teams, and we work with them in a way that allows them to operate and manage their own business. And whenever there are any issues, we have large teams assigned to them, and their engineering teams are working directly with our engineering teams, and we enhance, we fix, we maintain, we patch the complicated stack of software that's involved in accelerated computing.\"
NVIDIA Corporation,32307,3032325,2024-02-21,"NVIDIA Corporation, Q4 2024 Earnings Call, Feb 21, 2024",23,110688450,4,Answer,Jensen Huang,Executives,"The computer industry is making 2 simultaneous platform shifts at the same time. The trillion-dollar installed base of data centers is transitioning from general purpose to accelerated computing. Every data center will be accelerated so the world can keep up with the computing demand with increasing throughput while managing cost and energy. The incredible speed-up of NVIDIA enabled -- that NVIDIA enabled a whole new computing paradigm, generative AI, where software can learn, understand and generate any information from human language to the structure of biology and the 3D world.\"
NVIDIA Corporation,32307,3139017,2024-05-22,"NVIDIA Corporation, Q1 2025 Earnings Call, May 22, 2024",1,112953426,3,Question,Stacy Rasgon,Analysts,"My first one, I wanted to drill a little bit into the Blackwell comment that it's in full production now. What does that suggest with regard to shipments and delivery timing if that product is -- it doesn't sound like it's sampling anymore. What does that mean when that's actually in customers' hands if it's in production now?"
NVIDIA Corporation,32307,3139017,2024-05-22,"NVIDIA Corporation, Q1 2025 Earnings Call, May 22, 2024",2,112953427,4,Answer,Jensen Huang,Executives,"We will be shipping -- well, we've been in production for a little bit of time. But our production shipments will start in Q2 and ramp in Q3, and customers should have data centers stood up in Q4."
NVIDIA Corporation,32307,3139017,2024-05-22,"NVIDIA Corporation, Q1 2025 Earnings Call, May 22, 2024",3,112953428,3,Question,Stacy Rasgon,Analysts,"Got it. So this year, we will see Blackwell revenue, it sounds like."
NVIDIA Corporation,32307,3139017,2024-05-22,"NVIDIA Corporation, Q1 2025 Earnings Call, May 22, 2024",4,112953429,4,Answer,Jensen Huang,Executives,We will see a lot of Blackwell revenue this year.
NVIDIA Corporation,32307,3139017,2024-05-22,"NVIDIA Corporation, Q1 2025 Earnings Call, May 22, 2024",5,112953431,3,Question,Timothy Arcuri,Analysts,"I wanted to ask, Jensen, about the deployment of Blackwell versus Hopper just given the system's nature and all the demand for GB that you have. How does the deployment of this stuff differ from Hopper? I guess I ask because liquid cooling at scale hasn't been done before, and there's some engineering challenges both at the node level and within the data center. So do these complexities sort of elongate the transition? And how do you sort of think about how that's all going?"
NVIDIA Corporation,32307,3139017,2024-05-22,"NVIDIA Corporation, Q1 2025 Earnings Call, May 22, 2024",6,112953432,4,Answer,Jensen Huang,Executives,"Yes. Blackwell comes in many configurations. Blackwell is a platform, not a GPU. And the platform includes support for air cooled, liquid cooled, x86 and Grace, InfiniBand, now Spectrum-X, and very large NVLink domain that I demonstrated at GTC -- that I showed at GTC. And so for some customers, they will ramp into their existing installed base of data centers that are already shipping Hoppers. They will easily transition from H100 to H200 to B100. And so Blackwell systems have been designed to be backwards compatible, if you will, electrically, mechanically. And of course, the software stack that runs on Hopper will run fantastically on Blackwell.\"
NVIDIA Corporation,32307,3139017,2024-05-22,"NVIDIA Corporation, Q1 2025 Earnings Call, May 22, 2024",7,112953434,3,Question,Vivek Arya,Analysts,"Jensen, how are you ensuring that there is enough utilization of your products and that there isn't a pull-ahead or a holding behavior because of tight supply, competition or other factors? Basically, what checks have you built in the system to give us confidence that monetization is keeping pace with your really very strong shipment growth?"
NVIDIA Corporation,32307,3139017,2024-05-22,"NVIDIA Corporation, Q1 2025 Earnings Call, May 22, 2024",8,112953435,4,Answer,Jensen Huang,Executives,"Well, I guess there's the big picture view that I'll come to, but I'll answer your question directly. The demand for GPUs in all the data centers is incredible. We're racing every single day. And the reason for that is because applications like ChatGPT and GPT-4o, and now it's going to be multi-modality, Gemini and its ramp and Anthropic, and all of the work that's being done at all the CSPs are consuming every GPU that's out there. \"
NVIDIA Corporation,32307,3139017,2024-05-22,"NVIDIA Corporation, Q1 2025 Earnings Call, May 22, 2024",9,112953437,3,Question,Joseph Moore,Analysts,"I understand what you just said about how strong demand is. You have a lot of demand for H200 and for Blackwell products. Do you anticipate any kind of pause with Hopper and H100 as you sort of migrate to those products? Will people wait for those new products, which would be a good product to have? Or do you think there's enough demand for H100 to sustain growth?"
NVIDIA Corporation,32307,3139017,2024-05-22,"NVIDIA Corporation, Q1 2025 Earnings Call, May 22, 2024",10,112953438,4,Answer,Jensen Huang,Executives,"We see increasing demand of Hopper through this quarter. And we expect demand to outstrip supply for some time as we now transition to H200, as we transition to Blackwell. Everybody is anxious to get their infrastructure online. And the reason for that is because they're saving money and making money, and they would like to do that as soon as possible."
NVIDIA Corporation,32307,3139017,2024-05-22,"NVIDIA Corporation, Q1 2025 Earnings Call, May 22, 2024",11,112953440,3,Question,Toshiya Hari,Analysts,"Jensen, I wanted to ask about competition. I think many of your cloud customers have announced new or updates to their existing internal programs, right, in parallel to what they're working on with you guys. To what extent did you consider them as competitors, medium to long term? And in your view, do you think they're limited to addressing mostly internal workloads? Or could they be broader in what they address going forward?"
NVIDIA Corporation,32307,3139017,2024-05-22,"NVIDIA Corporation, Q1 2025 Earnings Call, May 22, 2024",12,112953441,4,Answer,Jensen Huang,Executives,"We're different in several ways. First, NVIDIA's accelerated computing architecture allows customers to process every aspect of their pipeline from unstructured data processing to prepare it for training, to structured data processing, data frame processing like SQL to prepare for training, to training to inference. And as I was mentioning in my remarks, that inference has really fundamentally changed, it's now generation. It's not trying to just detect the cat, which was plenty hard in itself, but it has to generate every pixel of a cat. And so the generation process is a fundamentally different processing architecture. And it's one of the reasons why TensorRT-LLM was so well received. We improved the performance in using the same chips on our architecture by a factor of 3. That kind of tells you something about the richness of our architecture and the richness of our software.\"
NVIDIA Corporation,32307,3139017,2024-05-22,"NVIDIA Corporation, Q1 2025 Earnings Call, May 22, 2024",13,112953443,3,Question,Matthew Ramsay,Analysts,"Jensen, I've been in the data center industry my whole career. I've never seen the velocity that you guys are introducing new platforms at the same combination of the performance jumps that you're getting, I mean, 5x in training, some of the stuff you talked about at GTC up to 30x in inference. And it's an amazing thing to watch but it also creates an interesting juxtaposition where the current generation of product that your customers are spending billions of dollars on is going to be not as competitive with your new stuff very, very much more quickly than the depreciation cycle of that product.\"
NVIDIA Corporation,32307,3139017,2024-05-22,"NVIDIA Corporation, Q1 2025 Earnings Call, May 22, 2024",14,112953444,4,Answer,Jensen Huang,Executives,"Yes. I really appreciate it. Three points that I'd like to make. If you're 5% into the build-out versus if you're 95% into the build-out, you're going to feel very differently. And because you're only 5% into the build-out anyhow, you build as fast as you can. And when Blackwell comes, it's going to be terrific. And then after Blackwell, as you mentioned, we have other Blackwells coming. And then there's a short -- we're in a 1-year rhythm as we've explained to the world. And we want our customers to see our road map for as far as they like, but they're early in their build-out anyways and so they had to just keep on building, okay? And so there's going to be a whole bunch of chips coming at them, and they just got to keep on building and just, if you will, performance-average your way into it. So that's the smart thing to do. They need to make money today. They want to save money today. And time is really, really valuable to them. \"
NVIDIA Corporation,32307,3139017,2024-05-22,"NVIDIA Corporation, Q1 2025 Earnings Call, May 22, 2024",15,112953446,3,Question,Mark Lipacis,Analysts,"Jensen, in the past, you've made the observation that general-purpose computing ecosystems typically dominated each computing era. And I believe the argument was that they could adapt to different workloads, get higher utilization, drive cost of compute cycle down. And this is a motivation for why you were driving to a general-purpose GPU CUDA ecosystem for accelerated computing. And if I mischaracterized that observation, please do let me know.\"
NVIDIA Corporation,32307,3139017,2024-05-22,"NVIDIA Corporation, Q1 2025 Earnings Call, May 22, 2024",16,112953447,4,Answer,Jensen Huang,Executives,"Yes. NVIDIA's accelerated computing is versatile but I wouldn't call it general purpose. Like, for example, we wouldn't be very good at running the spreadsheet. That was really designed for general-purpose computing. And so the control loop of an operating system code probably isn't fantastic for general-purpose computing, not for accelerated computing. And so I would say that we're versatile, and that's usually the way I describe it. \"
NVIDIA Corporation,32307,3139017,2024-05-22,"NVIDIA Corporation, Q1 2025 Earnings Call, May 22, 2024",17,112953449,3,Question,Blayne Curtis,Analysts,"I'm actually kind of curious, I mean, being supply constrained, how do you think about -- I mean, you came out with a product for China, H20. I'm assuming there'd be a ton of demand for it, but obviously, you're trying to serve your customers with the other Hopper products. Just kind of curious how you're thinking about that in the second half, if you could elaborate, any impact, what you're thinking for sales as well as gross margin."
NVIDIA Corporation,32307,3139017,2024-05-22,"NVIDIA Corporation, Q1 2025 Earnings Call, May 22, 2024",18,112953450,4,Answer,Jensen Huang,Executives,I didn't hear your questions. Something bleeped out.
NVIDIA Corporation,32307,3139017,2024-05-22,"NVIDIA Corporation, Q1 2025 Earnings Call, May 22, 2024",19,112953451,4,Answer,Simona Stefan Jankowski,Executives,H20 and how you're thinking about allocating supply between the different Hopper products.
NVIDIA Corporation,32307,3139017,2024-05-22,"NVIDIA Corporation, Q1 2025 Earnings Call, May 22, 2024",20,112953452,4,Answer,Jensen Huang,Executives,"Well, we have customers that we honor and we do our best for every customer. It is the case that our business in China is substantially lower than the levels of the past. And it's a lot more competitive in China now because of the limitations on our technology. And so those matters are true. However, we continue to do our best to serve the customers in the markets there and to the best of our ability, we'll do our best. But I think overall, the comments that we made about demand outstripping supply is for the entire market and particularly so for H200 and Blackwell towards the end of the year."
NVIDIA Corporation,32307,3139017,2024-05-22,"NVIDIA Corporation, Q1 2025 Earnings Call, May 22, 2024",21,112953454,3,Question,Srinivas Pajjuri,Analysts,"Jensen, actually more of a clarification on what you said. GB200 systems, it looks like there is a significant demand for systems. Historically, I think you've sold a lot of HGX boards and some GPUs and the systems business was relatively small. So I'm just curious, why is it that now you are seeing such a strong demand for systems going forward? Is it just the TCO? Or is it something else? Or is it just the architecture?"
NVIDIA Corporation,32307,3139017,2024-05-22,"NVIDIA Corporation, Q1 2025 Earnings Call, May 22, 2024",22,112953455,4,Answer,Jensen Huang,Executives,"Yes. I appreciate that. In fact, the way we sell GB200 is the same. We disaggregate all of the components that make sense and we integrate it into computer makers. We have 100 different computer system configurations that are coming this year for Blackwell. And that is off the charts. Hopper, frankly, had only half, but that's at its peak. It started out with way less than that even. And so you're going to see liquid-cooled version, air-cooled version, x86 versions, Grace versions, so on and so forth. There's a whole bunch of systems that are being designed. And they're offered from all of our ecosystem of great partners. Nothing has really changed. \"
NVIDIA Corporation,32307,3139017,2024-05-22,"NVIDIA Corporation, Q1 2025 Earnings Call, May 22, 2024",23,112953457,3,Question,William Stein,Analysts,"Jensen, at some point, NVIDIA decided that while there were reasonably good CPUs available for data center operations, your ARM-based Grace CPU provides some real advantage that made that technology worth to bring to customers, perhaps related to cost or power consumption or technical synergies between Grace and Hopper or Grace and Blackwell. Can you address whether there could be a similar dynamic that might emerge on the client side whereby, while there are very good solutions, you've highlighted that Intel and AMD are very good partners and deliver great products in x86, but there might be some, especially in emerging AI workloads, advantage that NVIDIA can deliver that others have more of a challenge?"
NVIDIA Corporation,32307,3139017,2024-05-22,"NVIDIA Corporation, Q1 2025 Earnings Call, May 22, 2024",24,112953458,4,Answer,Jensen Huang,Executives,"Well, you mentioned some really good reasons. It is true that for many of the applications, our partnership with x86 partners are really terrific and we build excellent systems together. But Grace allows us to do something that isn't possible with the configuration, the system configuration today. The memory system between Grace and Hopper are coherent and connected. The interconnect between the 2 chips -- calling it 2 chips is almost weird because it's like a superchip. The two of them are connected with this interface that's like at terabytes per second. It's off the charts. And the memory that's used by Grace is LPDDR. It's the first data center-grade low-power memory. And so we save a lot of power on every single node. \"
NVIDIA Corporation,32307,3139017,2024-05-22,"NVIDIA Corporation, Q1 2025 Earnings Call, May 22, 2024",25,112953460,3,Question,Christopher Muse,Analysts,"I guess, Jensen, a bit of a longer-term question. I know Blackwell hasn't even launched yet, but obviously, investors are forward-looking. And amidst rising potential competition from GPUs and custom ASICs, how are you thinking about NVIDIA's pace of innovation? And your million-fold scaling over the last decade, truly impressive: CUDA, precision, Grace, Cohere and connectivity. When you look forward, what frictions need to be solved in the coming decade? And I guess, maybe more importantly, what are you willing to share with us today?"
NVIDIA Corporation,32307,3139017,2024-05-22,"NVIDIA Corporation, Q1 2025 Earnings Call, May 22, 2024",26,112953461,4,Answer,Jensen Huang,Executives,"Well, I can announce that after Blackwell, there's another chip. And we are on a 1-year rhythm. And you can also count on us having new networking technology on a very fast rhythm. We're announcing Spectrum-X for Ethernet. But we're all in on Ethernet, and we have a really exciting road map coming for Ethernet. We have a rich ecosystem of partners. Dell announced that they're taking Spectrum-X to market. We have a rich ecosystem of customers and partners who are going to announce taking our entire AI factory architecture to market. And so for companies that want the ultimate performance, we have InfiniBand computing fabric. InfiniBand is a computing fabric, Ethernet to network. And InfiniBand, over the years, started out as a computing fabric, became a better and better network. Ethernet is a network and with Spectrum-X, we're going to make it a much better computing fabric.\"
NVIDIA Corporation,32307,3244951,2024-08-28,"NVIDIA Corporation, Q2 2025 Earnings Call, Aug 28, 2024",1,115090993,3,Question,Vivek Arya,Analysts,"Jensen, you mentioned in the prepared comments that there's a change in the Blackwell GPU mask. I'm curious, are there any other incremental changes in back-end packaging or anything else? And I think related, you suggested that you could ship several billion dollars of Blackwell in Q4 despite the change in the design. Is it because all these issues will be solved by then? Just help us size what is the overall impact of any changes in Blackwell timing, what that means to your kind of revenue profile and how are customers reacting to it."
NVIDIA Corporation,32307,3244951,2024-08-28,"NVIDIA Corporation, Q2 2025 Earnings Call, Aug 28, 2024",2,115090994,4,Answer,Jensen Huang,Executives,"Yes. Thanks, Vivek. The change to the mask is complete. There were no functional changes necessary. And so we're sampling functional samples of Blackwell, Grace Blackwell, and a variety of system configurations as we speak. There are something like 100 different types of Blackwell-based systems that are built that were shown at Computex, and we're enabling our ecosystem to start sampling those. The functionality of Blackwell is as it is, and we expect to start production in Q4."
NVIDIA Corporation,32307,3244951,2024-08-28,"NVIDIA Corporation, Q2 2025 Earnings Call, Aug 28, 2024",3,115090996,3,Question,Toshiya Hari,Analysts,"Jensen, I had a relatively longer-term question. As you may know, there's a pretty heated debate in the market on your customers and customers' customers' return on investment and what that means for the sustainability of CapEx going forward. Internally, at NVIDIA, like what are you guys watching? What's on your dashboard as you try to gauge customer return and how that impacts CapEx?\"
NVIDIA Corporation,32307,3244951,2024-08-28,"NVIDIA Corporation, Q2 2025 Earnings Call, Aug 28, 2024",4,115090997,4,Answer,Jensen Huang,Executives,"Thanks, Toshiya. First of all, when I said ship production in Q4, I mean shipping out, I don't mean starting to ship. I don't mean starting production but shipping out.\"
NVIDIA Corporation,32307,3244951,2024-08-28,"NVIDIA Corporation, Q2 2025 Earnings Call, Aug 28, 2024",5,115090998,4,Answer,Colette Kress,Executives,"And Toshiya, to answer your question regarding sovereign AI and our goals in terms of growth and in terms of revenue, it certainly is a unique and growing opportunity, something that surfaced with generative AI and the desires of countries around the world to have their own generative AI that would be able to incorporate their own language, incorporate their own culture, incorporate their own data in that country. So more and more excitement around these models and what they can be specific for those countries. So yes, we are seeing some growth opportunity in front of us."
NVIDIA Corporation,32307,3244951,2024-08-28,"NVIDIA Corporation, Q2 2025 Earnings Call, Aug 28, 2024",6,115091000,3,Question,Joseph Moore,Analysts,"Jensen, in the press release, you talked about Blackwell anticipation being incredible. But it seems like Hopper demand is also really strong. I mean, you're guiding for a very strong quarter without Blackwell in October. So how long do you see sort of coexisting strong demand for both? And can you talk about the transition to Blackwell? Do you see people intermixing clusters? Do you think most of the Blackwell activity is new clusters? Just some sense of what that transition looks like."
NVIDIA Corporation,32307,3244951,2024-08-28,"NVIDIA Corporation, Q2 2025 Earnings Call, Aug 28, 2024",7,115091001,4,Answer,Jensen Huang,Executives,"Yes. Thanks, Joe. The demand for Hopper is really strong. And it's true, the demand for Blackwell is incredible. There's a couple of reasons for that. The first reason is, if you just look at the world's cloud service providers and the amount of GPU capacity they have available, it's basically none. And the reason for that is because they're either being deployed internally for accelerating their own workloads, data processing, for example. Data processing, we hardly ever talk about it because it's mundane. It's not very cool because it doesn't generate a picture or generate words. But almost every single company in the world processes data in the background. \"
NVIDIA Corporation,32307,3244951,2024-08-28,"NVIDIA Corporation, Q2 2025 Earnings Call, Aug 28, 2024",8,115091003,3,Question,Matthew Ramsay,Analysts,"Jensen, I wanted to kind of circle back to an earlier question, the debate that investors are having, about the ROI on all of this CapEx. And hopefully, this question and the distinction will make some sense. But what I'm having discussions about is, with like the percentage of folks that you see that are spending all of this money and looking to sort of push the frontier towards AGI convergence and, as you just said, a new plateau and capability, and they're going to spend regardless to get to that level of capability because it opens up so many doors for the industry and for their company versus customers that are really, really focused today on CapEx versus ROI.\"
NVIDIA Corporation,32307,3244951,2024-08-28,"NVIDIA Corporation, Q2 2025 Earnings Call, Aug 28, 2024",9,115091004,4,Answer,Jensen Huang,Executives,"Thanks, Matt. The people who are investing in NVIDIA infrastructure are getting returns on it right away. It's the best ROI infrastructure, computing infrastructure investment you can make today. And so one way to think through it, probably the easiest way to think through it is just to go back to first principles. You have $1 trillion worth of general-purpose computing infrastructure. And the question is, do you want to build more of that or not?\"
NVIDIA Corporation,32307,3244951,2024-08-28,"NVIDIA Corporation, Q2 2025 Earnings Call, Aug 28, 2024",10,115091006,3,Question,Timothy Arcuri,Analysts,"I had a question on the shape of the revenue growth, both near and longer term. I know Colette, you did increase OpEx for the year. And if I look at the increase in your purchase commitments and your supply obligations, that's also quite bullish.\"
NVIDIA Corporation,32307,3244951,2024-08-28,"NVIDIA Corporation, Q2 2025 Earnings Call, Aug 28, 2024",11,115091007,4,Answer,Jensen Huang,Executives,"I'm going to work backwards. I really appreciate the question, Tim. So remember, the world is moving from general-purpose computing to accelerated computing. And the world builds about $1 trillion worth of data centers. $1 trillion worth of data centers in a few years will be all accelerated computing. In the past, no GPUs are in data centers, just CPUs. In the future, every single data center will have GPUs. And the reason for that is very clear, because we need to accelerate workloads so that we can continue to be sustainable, continue to drive down the cost of computing so that when we do more computing, we don't experience computing inflation.\"
NVIDIA Corporation,32307,3244951,2024-08-28,"NVIDIA Corporation, Q2 2025 Earnings Call, Aug 28, 2024",12,115091009,3,Question,Stacy Rasgon,Analysts,"I have two short questions for Colette. The first, several billion dollars of Blackwell revenue in Q4, is that additive? You said you expected Hopper demand to strengthen in the second half. Does that mean Hopper strengthens Q3 to Q4 as well on top of Blackwell adding several billion dollars?\"
NVIDIA Corporation,32307,3244951,2024-08-28,"NVIDIA Corporation, Q2 2025 Earnings Call, Aug 28, 2024",13,115091010,4,Answer,Colette Kress,Executives,"Yes. So Stacy, let's first take your question that you had about Hopper and Blackwell. So we believe our Hopper will continue to grow into the second half. We have many new products for Hopper or existing products for Hopper that we believe will start continuing to ramp in the next quarters, including our Q3 and those new products moving to Q4. So let's say, Hopper, therefore, versus H1 is a growth opportunity for that. Additionally, we have the Blackwell on top of that, and the Blackwell starting of ramping in Q4. So I hope that helps you on those two pieces.\"
NVIDIA Corporation,32307,3244951,2024-08-28,"NVIDIA Corporation, Q2 2025 Earnings Call, Aug 28, 2024",14,115091012,3,Question,Benjamin Reitzes,Analysts,"I wanted to ask about the geographies. There was the 10-Q that came out, and the United States was down sequentially while several Asian geographies were up a lot sequentially. Just wondering what the dynamics are there. And obviously, China did very well. You mentioned it in your remarks. What are the puts and takes? And then I just wanted to clarify from Stacy's question if that means the sequential overall revenue growth rates for the company accelerate in the fourth quarter given all those favorable revenue dynamics."
NVIDIA Corporation,32307,3244951,2024-08-28,"NVIDIA Corporation, Q2 2025 Earnings Call, Aug 28, 2024",15,115091013,4,Answer,Colette Kress,Executives,"Let me talk about a bit in terms of our disclosure in terms of the 10-Q, a required disclosure in a choice of geographies. Very challenging sometimes to create that right disclosure as we have to come up with one key piece. The pieces we have in terms of who we sell to and/or specifically who we invoice to, and so what you're seeing in terms of there is who we invoice, that's not necessarily where the product will eventually be and where it may even travel to the end customer. These are just moving to our OEMs, our ODMs and our system integrators, for the most part, across our product portfolio. \"
NVIDIA Corporation,32307,3244951,2024-08-28,"NVIDIA Corporation, Q2 2025 Earnings Call, Aug 28, 2024",16,115091015,3,Question,Christopher Muse,Analysts,"You've embarked on a remarkable annual product cadence with challenges only likely becoming more and more, given rising complexity in a reticle limit advanced package world. So curious, if you take a step back, how does this backdrop alter your thinking around potentially greater vertical integration, supply chain partnerships, and then taking through a consequential impact to your margin profile?"
NVIDIA Corporation,32307,3244951,2024-08-28,"NVIDIA Corporation, Q2 2025 Earnings Call, Aug 28, 2024",17,115091016,4,Answer,Jensen Huang,Executives,"Yes, thanks. Let's see. I think the answer to your first question is that the reason why our velocity is so high is simultaneously because the complexity of the model is growing and we want to continue to drive its cost down. It's growing, so we want to continue to increase its scale. And we believe that by continuing to scale the AI models, that we'll reach a level of extraordinary usefulness and that it would open up, realize the next industrial revolution. We believe it. And so we're going to drive ourselves really hard to continue to go up that scale. \"
NVIDIA Corporation,32307,3244951,2024-08-28,"NVIDIA Corporation, Q2 2025 Earnings Call, Aug 28, 2024",18,115091018,3,Question,Aaron Rakers,Analysts,"I wanted to go back into the Blackwell product cycle. One of the questions that we tend to get asked is how you see the rack scale system mix dynamic as you think about leveraging NVLink, you think about GB NVL72 and how that go-to-market dynamic looks as far as the Blackwell product cycle. I guess to put it simply, how do you see that mix of rack scale systems as we start to think about the Blackwell cycle playing out?"
NVIDIA Corporation,32307,3244951,2024-08-28,"NVIDIA Corporation, Q2 2025 Earnings Call, Aug 28, 2024",19,115091019,4,Answer,Jensen Huang,Executives,"Yes, Aaron, thanks. The Blackwell rack system, it's designed and architected as a rack but it's sold in disaggregated system components. We don't sell the whole rack. And the reason for that is because everybody's rack's a little different surprisingly. Some of them are OCP standards. Some of them are not. Some of them are enterprise. And the power limits for everybody could be a little different. Choice of CDUs, the choice of power bus bars, the configuration and integration into people's data centers, all different. And so the way we designed it, we architected the whole rack. The software is going to work perfectly across the whole rack. And then we provide the system components. \"
NVIDIA Corporation,32307,3244951,2024-08-28,"NVIDIA Corporation, Q2 2025 Earnings Call, Aug 28, 2024",20,115091021,4,Answer,Jensen Huang,Executives,Thank you. Let me make a couple more comments that I made earlier again. The data center worldwide are in full steam to modernize the entire computing stack with accelerated computing and generative AI. Hopper demand remains strong and the anticipation for Blackwell is incredible. \
NVIDIA Corporation,32307,3316034,2024-11-20,"NVIDIA Corporation, Q3 2025 Earnings Call, Nov 20, 2024",1,116854239,3,Question,Christopher Muse,Analysts,"I guess just a question for you on the debate around whether scaling for large language models have stalled. Obviously, we're very early here, but would love to hear your thoughts on this front. How are you helping your customers as they work through these issues? And then obviously, part of the context here is we're discussing clusters that have yet to benefit from Blackwell. So is this driving even greater demand for Blackwell?"
NVIDIA Corporation,32307,3316034,2024-11-20,"NVIDIA Corporation, Q3 2025 Earnings Call, Nov 20, 2024",2,116854240,4,Answer,Jensen Huang,Executives,"Foundation model pretraining scaling is intact and it's continuing. As you know, this is an empirical law, not a fundamental physical law. But the evidence is that it continues to scale. What we're learning, however, is that it's not enough, that we've now discovered 2 other ways to scale. One is post-training scaling. Of course, the first generation of post-training was reinforcement learning human feedback, but now we have reinforcement learning AI feedback and all forms of synthetic data generated data that assists in post-training scaling.\"
NVIDIA Corporation,32307,3316034,2024-11-20,"NVIDIA Corporation, Q3 2025 Earnings Call, Nov 20, 2024",3,116854242,3,Question,Toshiya Hari,Analysts,"Jensen, you executed the mass change earlier this year. There were some reports over the weekend about some heating issues. On the back of this, we've had investors ask about your ability to execute to the road map you presented at GTC this year with Ultra coming out next year and the transition to Ruben in '26. Can you sort of speak to that? And some investors are questioning that, so if you can sort of speak to your ability to execute on time, that would be super helpful.\"
NVIDIA Corporation,32307,3316034,2024-11-20,"NVIDIA Corporation, Q3 2025 Earnings Call, Nov 20, 2024",4,116854243,4,Answer,Jensen Huang,Executives,"So let's see. Back to the first question. Blackwell production is in full steam. In fact, as Colette mentioned earlier, we will deliver this quarter more Blackwells than we had previously estimated. And so the supply chain team is doing an incredible job working with our supply partners to increase Blackwell, and we're going to continue to work hard to increase Blackwell through next year.\"
NVIDIA Corporation,32307,3316034,2024-11-20,"NVIDIA Corporation, Q3 2025 Earnings Call, Nov 20, 2024",5,116854245,3,Question,Timothy Arcuri,Analysts,"I'm wondering if you can talk about the trajectory of how Blackwell is going to ramp this year. I know Jensen, you did just talk about Blackwell being better than I think you had said several billions of dollars in January. It sounds like you're going to do more than that. But I think in recent months also, you said that Blackwell crosses over Hopper in the April quarter. So I guess I had 2 questions.\"
NVIDIA Corporation,32307,3316034,2024-11-20,"NVIDIA Corporation, Q3 2025 Earnings Call, Nov 20, 2024",6,116854246,4,Answer,Jensen Huang,Executives,"Colette, why don't you start?"
NVIDIA Corporation,32307,3316034,2024-11-20,"NVIDIA Corporation, Q3 2025 Earnings Call, Nov 20, 2024",7,116854247,4,Answer,Colette Kress,Executives,"Sure, let me first start with your question, Tim, thank you, regarding our gross margins. And we discussed that our gross margins as we are ramping Blackwell in the very beginning and the many different configurations, the many different chips that we are bringing to market, we are going to focus on making sure we have the best experience for our customers as they stand that up.\"
NVIDIA Corporation,32307,3316034,2024-11-20,"NVIDIA Corporation, Q3 2025 Earnings Call, Nov 20, 2024",8,116854248,4,Answer,Jensen Huang,Executives,"Hopper demand will continue through next year, surely the first several quarters of the next year. And meanwhile, we will ship more Blackwells next quarter than this, and we'll ship more Blackwells the quarter after that than our first quarter. And so that kind of puts it in perspective. We are really at the beginnings of 2 fundamental shifts in computing that is really quite significant.\"
NVIDIA Corporation,32307,3316034,2024-11-20,"NVIDIA Corporation, Q3 2025 Earnings Call, Nov 20, 2024",9,116854250,3,Question,Vivek Arya,Analysts,"Colette, just to clarify, do you think it's a fair assumption to think NVIDIA could recover to kind of mid-70s gross margin in the back half of calendar '25? Just wanted to clarify that. And then Jensen, my main question, historically, when we have seen hardware deployment cycles, they have inevitably included some digestion along the way. When do you think we get to that phase? Or is it just too premature to discuss that because you're just at the start of Blackwell?\"
NVIDIA Corporation,32307,3316034,2024-11-20,"NVIDIA Corporation, Q3 2025 Earnings Call, Nov 20, 2024",10,116854251,4,Answer,Colette Kress,Executives,"Okay. Vivek, thank you for the question. Let me clarify your question regarding gross margins. Could we reach the mid-70s in the second half of next year? And yes, I think it is a reasonable assumption or goal for us to do, but we'll just have to see how that mix of ramp goes. But yes, it is definitely possible."
NVIDIA Corporation,32307,3316034,2024-11-20,"NVIDIA Corporation, Q3 2025 Earnings Call, Nov 20, 2024",11,116854252,4,Answer,Jensen Huang,Executives,"The way to think through that, Vivek, is I believe that there will be no digestion until we modernize $1 trillion with the data centers. Those -- if you just look at the world's data centers, the vast majority of it is built for a time when we wrote applications by hand and we ran them on CPUs. It's just not a sensible thing to do anymore. If you have -- if every company's CapEx, if they're ready to build data center tomorrow, they ought to build it for a future of machine learning and generative AI because they have plenty of old data centers.\"
NVIDIA Corporation,32307,3316034,2024-11-20,"NVIDIA Corporation, Q3 2025 Earnings Call, Nov 20, 2024",12,116854254,3,Question,Stacy Rasgon,Analysts,"Colette, I had a clarification and a question for you. The clarification, just when you say low 70s gross margins, does 73.5% count as low 70s or do you have something else in mind? And for my question, you're guiding total revenues, and so I mean, total data center revenues in the next quarter must be up several billion dollars. But it sounds like Blackwell now should be up more than that.\"
NVIDIA Corporation,32307,3316034,2024-11-20,"NVIDIA Corporation, Q3 2025 Earnings Call, Nov 20, 2024",13,116854255,4,Answer,Colette Kress,Executives,"So first, starting on your first question there, Stacy, regarding our gross margin and define low. Low, of course, is below the mids and let's say, we might be at 71%, maybe about 72%, 72.5%. We're going to be in that range. We could be higher than that as well. We're just going to have to see how it comes through. We do want to make sure that we are ramping and continuing that improvement, the improvement in terms of our yields, the improvement in terms of the product as we go through the rest of the year So we'll get up to the mid-70s by that point.\"
NVIDIA Corporation,32307,3316034,2024-11-20,"NVIDIA Corporation, Q3 2025 Earnings Call, Nov 20, 2024",14,116854257,3,Question,Joseph Moore,Analysts,"Great. I wonder if you could talk a little bit about what you're seeing in the inference market. You've talked about Strawberry and some of the ramifications of longer scaling influence projects. But you've also talked about the possibility that as some of these Hopper clusters age, that you could use some of the Hopper chips for inference. So I guess do you expect inference to outgrow training in the next kind of 12 months time frame? And just generally, your thoughts there."
NVIDIA Corporation,32307,3316034,2024-11-20,"NVIDIA Corporation, Q3 2025 Earnings Call, Nov 20, 2024",15,116854258,4,Answer,Jensen Huang,Executives,"Our hopes and dreams is that someday, the world does a ton of inference. And that's when AI has really exceeded is when every single company is doing inference inside their companies for the marketing department and forecasting department and supply chain group and their legal department and engineering, of course, and coding of course. And so we hope that every company is doing inference 24/7.\"
NVIDIA Corporation,32307,3316034,2024-11-20,"NVIDIA Corporation, Q3 2025 Earnings Call, Nov 20, 2024",16,116854260,3,Question,Aaron Rakers,Analysts,"I wanted to ask you, as we kind of focus on the Blackwell cycle and think about the Data Center business. When I look at the results this last quarter, Colette, you mentioned that obviously, the networking business was down about 15% sequentially. But then your comments were that you were seeing very strong demand. You mentioned also that you had multiple cloud CFP design wins for these large-scale clusters. So I'm curious if you could unpack what's going on in the Networking business and where maybe you've seen some constraints and just your confidence in the pace of Spectrum-X progressing to that multiple billions of dollars that you previously had talked about."
NVIDIA Corporation,32307,3316034,2024-11-20,"NVIDIA Corporation, Q3 2025 Earnings Call, Nov 20, 2024",17,116854261,4,Answer,Colette Kress,Executives,Let's first start with the networking. The growth year-over-year is tremendous. And our focus since the beginning of our acquisition of Mellanox has really been about building together the work that we do in terms of in the data center. The networking is such a critical part of that. Our ability to sell our networking with many of our systems that we are doing in data center is continuing to grow and do quite well.\
NVIDIA Corporation,32307,3316034,2024-11-20,"NVIDIA Corporation, Q3 2025 Earnings Call, Nov 20, 2024",18,116854263,3,Question,Atif Malik,Analysts,"I have 2 quick ones for Colette. Colette, on the last earnings call, you mentioned that sovereign demand is in low double-digit billions. Can you provide an update on that? And then can you explain the supply-constrained situation in gaming? Is that because you're shifting your supply towards data center?"
NVIDIA Corporation,32307,3316034,2024-11-20,"NVIDIA Corporation, Q3 2025 Earnings Call, Nov 20, 2024",19,116854264,4,Answer,Colette Kress,Executives,"So first starting in terms of sovereign AI, such an important part of growth, something that is really surfaced with the onset of generative AI and building models in the individual countries around the world. And we see a lot of them, and we talked about a lot of them on the call today and the work that they are doing. So our sovereign AI and our pipeline going forward is still absolutely intact as those are working to build these foundational models in their own language, in their own culture, and working in terms of the enterprises within those countries.\"
NVIDIA Corporation,32307,3316034,2024-11-20,"NVIDIA Corporation, Q3 2025 Earnings Call, Nov 20, 2024",20,116854266,3,Question,Benjamin Reitzes,Analysts,"I wanted to ask Colette and Jensen with regard to sequential growth. So very strong sequential growth this quarter, and you're guiding to about 7%. Do your comments on Blackwell imply that we reaccelerate from there as you get more supply just in the first half, there would be some catch-up? So I was wondering how prescriptive you could be there.\"
NVIDIA Corporation,32307,3316034,2024-11-20,"NVIDIA Corporation, Q3 2025 Earnings Call, Nov 20, 2024",21,116854267,4,Answer,Jensen Huang,Executives,We guide 1 quarter at a time.
NVIDIA Corporation,32307,3316034,2024-11-20,"NVIDIA Corporation, Q3 2025 Earnings Call, Nov 20, 2024",22,116854268,4,Answer,Colette Kress,Executives,"We are working right now on the quarter that we're in and building what we need to ship in terms of Blackwell. We have every supplier on the planet working seamlessly with us to that. And once we get to next quarter, we'll help you understand in terms of that ramp that we'll see to the next quarter going after that."
NVIDIA Corporation,32307,3316034,2024-11-20,"NVIDIA Corporation, Q3 2025 Earnings Call, Nov 20, 2024",23,116854269,4,Answer,Jensen Huang,Executives,"Whatever the new administration decides, we'll, of course, support the administration. And that's our -- the highest mandate. And then after that, do the best we can and just as we always do. And so we have to simultaneously and we will comply with any regulation that comes along fully and support our customers to the best of our abilities and to compete in the marketplace. We'll do all of these 3 things simultaneously."
NVIDIA Corporation,32307,3316034,2024-11-20,"NVIDIA Corporation, Q3 2025 Earnings Call, Nov 20, 2024",24,116854271,3,Question,Pierre Ferragu,Analysts,"Jensen, you mentioned in your comments, you have the pretraining, the actual language models and you have reinforcement learning that becomes more and more important in training and inference as well and then you have inference itself. And I was wondering if you have a sense like a high-level typical sense of out of an overall AI ecosystem, like maybe one of your clients or one of the large models that are out there today, how much of the compute goes into each of these buckets? How much for the pretraining? How much for the reinforcement? And how much into inference today? Do you have any sense for how it's splitting and where the growth is the most important as well?"
NVIDIA Corporation,32307,3316034,2024-11-20,"NVIDIA Corporation, Q3 2025 Earnings Call, Nov 20, 2024",25,116854272,4,Answer,Jensen Huang,Executives,"Well, today, it's vastly in pretraining a foundation model because, as you know, post-training, the new technologies are just coming online. And whatever you could do in pretraining and post-training, you would try to do so that the inference cost could be as low as possible for everyone. However, there are only so many things that you could do a priority. And so you'll always have to do on-the-spot thinking and in context thinking and a reflection.\"
NVIDIA Corporation,32307,3316034,2024-11-20,"NVIDIA Corporation, Q3 2025 Earnings Call, Nov 20, 2024",26,116854274,4,Answer,Jensen Huang,Executives,"Thank you. The tremendous growth in our business is being fueled by 2 fundamental trends that are driving global adoption of NVIDIA computing. First, the computing stack is undergoing a reinvention, a platform shift from coding to machine learning, from executing code on CPUs to processing neural networks on GPUs. The $1 trillion installed base of traditional data center infrastructure is being rebuilt for Software 2.0, which applies machine learning to produce AI.\"
